Workbook

Sheet Pre-planning & Programming
A1: PRE-PLANNING/PROGRAMMING TOOL
B2: Pre-Planning/Programming Worksheet
C3: The items listed in below will help the team determine whether and to what extent MBH friendly design considerations should be incorporated in the proposed project
B4: Consideration | D4: Response (Select one from the drop down list) | E4: Response (Open-ended)
B6: 1 | C6: What is the strategic vision for the hospital/health system?
B7: =B6+1 -> 2 | C7: What are the main drivers/motivators for the ED redesign (for renovation)/ design (new construction) project?
B8: =B7+1 -> 3 | C8: Is this project a renovation or new construction?
B9: =B8+1 -> 4 | C9: Does the ED serve pediatric patients, adult patients, or both?
B10: =B9+1 -> 5 | C10: What is the anticipated total annual patient volume for this ED?
B11: =B10+1 -> 6 | C11: What is the anticipated total annual mental and behavioral health patient volume for this ED?
B12: =B11+1 -> 7 | C12: Will the ED serve any prisoners/penitentiary patients?
B13: =B12+1 -> 8 | C13: What is the anticipated proportion of uninsured patients in the ED?
B14: =B13+1 -> 9 | C14: Approximately what percentage of patients that will be seen in this ED (for all visit reasons) are:
C15: a. Children under age 5
C16: b. Children aged 5-12
C17: c. Adolescents aged 13-18
C18: d. Young Adults aged 18-24
C19: e. Adults aged 25-65
C20: f. Adults over age 65
B21: =B14+1 -> 10 | C21: Based on the ED's annual patient data (last 5 years), please share the annual patient volumes for each these categories.
C22: i. Suicidal Behavior & Risk
C23: a. Children under age 5
C24: b. Children aged 5-12
C25: c. Adolescents aged 13-18
C26: d. Young Adults aged 18-24
C27: e. Adults aged 25-65
C28: f. Adults over age 65
C29: ii. Aggressive Behaviors
C30: a. Children under age 5
C31: b. Children aged 5-12
C32: c. Adolescents aged 13-18
C33: d. Young Adults aged 18-24
... C49: f. Adults over age 65
B50: =B21+1 -> 11 | C50: Based on the ED's annual patient data (last 5 years), please share the weekly patient volumes for each these categories.
C51: i. MBH Conditions
C52: a. Children aged 0-12
C53: b. Adolescents aged 13-18
C54: c. Adults aged over 18
C55: ii. Medical Conditions
C56: a. Children aged 0-12
C57: b. Adolescents aged 13-18
C58: c. Adults aged over 18
C59: iii. Both Medical & MBH Conditions
C60: a. Children aged 0-12
C61: b. Adolescents aged 13-18
C62: c. Adults aged over 18
B63: =B50+1 -> 12 | C63: Do you anticipate any seasonal variations in the weekly patient volumes? If yes, please share your anticipated weekly patient volumes during peak season.
C64: i. MBH Conditions
C65: a. Children aged 0-12
C66: b. Adolescents aged 13-18
C67: c. Adults aged over 18
C68: ii. Medical Conditions
C69: a. Children aged 0-12
C70: b. Adolescents aged 13-18
C71: c. Adults aged over 18
C72: iii. Both Medical & MBH Conditions
C73: a. Children aged 0-12
C74: b. Adolescents aged 13-18
C75: c. Adults aged over 18
B76: =B63+1 -> 13 | C76: Based on the ED's annual patient data (last 5 years), what is the typical length of stay for MBH patients in the ED?
B77: =B76+1 -> 14 | C77: Do you anticipate implementing any of the following care models:
C78: a. Separate EmPATH/crisis unit
C79: b. Dedicated Mental/Behavioral Health unit for adult/pediatric patients
C80: c. Separate care pathway for pediatric Mental/Behavioral Health patients
C81: d. Boarding pediatric MBH patients in in-patient rooms on medical floors
B82: =B77+1 -> 15 | C82: What are the discharge options for:
C83: a. Inpatient psychiatric care within your hospital
C84: b. Inpatient psychiatric care in your community?
C85: c. Outpatient psychiatric care in your community?
B86: =B82+1 -> 16 | C86: Based on your anticipated patient volume, how many total exam rooms would you like to have in the ED?
B87: =B86+1 -> 17 | C87: Based on your anticipated MBH VOLUME, approximately what percentage of ED patient rooms will be utilized as:
C88: a. Only mental and behavioral health needs
C89: b. Only medical needs
C90: c. Both medical and mental/behavioral health needs
B91: =B87+1 -> 18 | C91: Do you anticipate having a locked ED Unit?

Sheet Outcome Priotization
B2: OUTCOME-GUIDELINE PRIORITIZATION TOOL
C5: Design Objectives Worksheet
C6: Review the importance of each design outcomes and metrics, then select from the options in the dropdown menu in the "Importance" column.
C7: Your revision will determine priotization of the design objectives
C10: Design Objectives | D10: Design Outcomes/metrics | E10: Description | F10: Importance | I10: Outcomes | J10: Values | K10: Objectives priotization | L10: Priority Order
C12: Improve Safety & Security | D12: Preventing Self Harm | E12: Preventing self-harm involves implementing strategies to identify at-risk individuals, provide timely support, and reduce factors that contribute to self-injurious behaviors. | F12: Critically Important / Essential | I12: Improve Safety & Security | J12: {=AVERAGE(IFERROR(VLOOKUP(F12:F20,'Response Options'!D5:E10,2,FALSE),0))} -> 4 | K12: {=_xlfn.SORTBY(I12:I17,J12:J17,-1)} -> Improve Safety & Security | L12: First priority
D13: Preveting Elopement | E13: Preventing elopement involves implementing strategies and interventions to reduce the risk of individuals from leaving a safe environment without supervision. | F13: Moderately Important | I13: Optimize Efficiency & Effectiveness | J13: {=AVERAGE(IFERROR(VLOOKUP(F21:F25,'Response Options'!D5:E10,2,FALSE),0))} -> 3.4 | K13: Provide Patient Choice and Control | L13: Second priority
D14: Quicker response in emergency events | E14: Ensure rapid identification and intervention in emergencies and (self) harm incidents to minimize risk, providing immediate support from healthcare staff. | F14: Critically Important / Essential | I14: Improve Communication | J14: {=AVERAGE(IFERROR(VLOOKUP(F26:F30,'Response Options'!D5:E10,2,FALSE),0))} -> 1.8 | K14: Improve Overall Comfort for All Users | L14: Third priority
D15: Perception of safety | E15: Perception of Safety refers to individuals’ feelings and beliefs about how safe they are in a given environment. | F15: Slightly important | I15: Improve Overall Comfort for All Users | J15: {=AVERAGE(IFERROR(VLOOKUP(F31:F35,'Response Options'!D5:E10,2,FALSE),0))} -> 3.8 | K15: Optimize Efficiency & Effectiveness | L15: Fourth priority
D16: Quick response to patient-initiated harm | E16: Improve the speed and effectiveness of interventions when patients initiate harm to others or to the environment. | F16: Critically Important / Essential | I16: Improve Patient and Family Agency | J16: {=AVERAGE(IFERROR(VLOOKUP(F36:F39,'Response Options'!D5:E10,2,FALSE),0))} -> 2.25 | K16: Improve Patient and Family Agency | L16: Fifth priority
D17: Reduce patient-initiated harm | E17: Reduce patient-initiated harm aims to minimize incidents where patients cause harm to themselves, staff, or others within the healthcare setting. | F17: Very Important | I17: Provide Patient Choice and Control | J17: {=AVERAGE(IFERROR(VLOOKUP(F40:F42,'Response Options'!D5:E10,2,FALSE),0))} -> 4 | K17: Improve Communication | L17: Sixth priority
D18: Reduce need for restraints | E18: Reduce the frequency and necessity of using physical or chemical restraints. | F18: Critically Important / Essential
D19: Reduce exposure to triggering content | E19: Reduced exposure to triggering content aims to minimize an individual's contact with situations, media or people that may provoke distressing emotions or reactions. | F19: Critically Important / Essential
D20: Enhances patient visibility | E20: Provide visual access to the patient, improving the ability of healthcare providers to access, track, and monitor patient information in real time. | F20: Critically Important / Essential
C21: Optimize Efficiency & Effectiveness | D21: Reduce staff workload (physical and cognitive) | E21: Implement strategies and tools to minimize manual and mental, reducing the overall workload and task demmands for staff. | F21: Extremely Important
D22: Reduce ED waiting times and/or length of stay | E22: Implement targeted process improvements to reduce emergency department waiting times and overall length of stay. | F22: Slightly unimportant
D23: Adequate care for co-occurring med/psych conditions | E23: Ensure that individuals receive appropriate assessment, treatment, and ongoing management for both medical and psychiatric conditions. | F23: Very Important
D24: Improved coordination of patient flow | E24: Streamline the movement of patients through the ED during various stages of care, ensuring timely admissions, transfers, and discharges. | F24: Critically Important / Essential
D25: Provision of appropriate psych care in the ED | E25: Ensure that patients presenting to the ED with MBH concerns receive timely assessment, stabilization, and access to appropriate psychiatric interventions. | F25: Critically Important / Essential
C26: Improve Communication | D26: Enhance team coordination and collaboration | E26: Foster a collaborative environment to ensure team members work effectively together towards shared goals. | F26: Extremely Important
D27: Quick response from medical team | E27: Ensure that the medical care teams provide timely and effective responses to urgent situations and codes. | F27: Moderately Important
D28: Streamlined flow of information | E28: Optimizing communication channels and processes to ensure that relevant data and updates are efficiently shared among care team members. | F28: Slightly unimportant
D29: Support staff and resident training | E29: Provide comprehensive support to allow staff and resident training in the ED | F29: Moderately Important
D30: Reduced miscommunication with family members | E30: Provide clarity of information in interactions with family members, minimizing misunderstandings. | F30: Slightly important
C31: Improve Overall Comfort for All Users | D31: Enhance Patient and family satisfaction | E31: Enhance the satisfaction and emotional well-being of patients and their families by addressing their needs, preferences, and concerns. | F31: Critically Important / Essential
D32: Improve Patient and family comfort | E32: Enhance the physical and physiological well-being of patients and their families. | F32: Very Important
D33: Reduce anxiety | E33: Reduces anxiety by promoting relaxation, calming the mind, and decreasing feelings of worry or nervousness. | F33: Critically Important / Essential
D34: Reduce crowding | E34: Minimize the number of people in a given space at one time, to reduce the discomfort and stress associated with the perception of being crowded | F34: Critically Important / Essential
D35: Enhanced staff satisfaction | E35: Enhanced staff satisfaction focuses on improving the emotional well-being, engagement, and morale of employees | F35: Slightly important
C36: Improve Patient and Family Agency | D36: Facilitating family participation in care | E36: Encourage and support family involvement in the patient’s care and empower to participate in decision-making and care activities. | F36: Moderately Important
D37: Promoting trust and rapport | E37: Establishes a positive, respectful, and empathetic environment to the patient and family members need | F37: Extremely Important
D38: Safeguard patient confidential information | E38: Ensure that all patient information is protected from unauthorized access, disclosure, or misuse by following established privacy policies and practices such as HIPAA. | F38: Very Important
D39: Limits being seen by others | E39: Reduce the likelihood that of patients to be exposed to other patients or the general public after being admitted to ED. | F39: Slightly unimportant
C40: Provide Patient Choice and Control | D40: Reduce agitation & boredom | E40: Reduces agitation and boredom, minimizing restlessness and disruptive behaviors. | F40: Critically Important / Essential
D41: Enhance sense of dignity | E41: Foster an environment where individuals feel respected, valued, and empowered, promoting self-worth and personal pride in all interactions and activities. | F41: Critically Important / Essential
D42: Improve emotional & sleep regulation | E42: Enhance the ability to manage emotions and establish healthy sleep routines while in the ED | F42: Moderately Important

Sheet Policy & Process-based Design
A1: POLICY & PROCESS-BASED DESIGN FRAMEWORK
B2: Stakeholder Engagement & Design Discussion Worksheet
C3: The prompts listed in the process & policy considerations and design implicaitons will help the team determine the design strategies to be considered in the proposed project
B4: Process & Policy Consideration & Design Implications | D4: Response (Open-ended) | E4: Design Implications Questions | F4: Design Response | G4: Relevant Design Elements ** | K4: score | L4: Round | M4: Importance | N4: Relevant Design Objectives/Outcomes
G5: Architectural Elements | H5: Furnishings & Finishes | I5: MEP & Building Systems | J5: Technology & Other Elements | N5: Improve Safety & Security | W5: Optimize Efficiency & Effectiveness | AB5: Improve Communication | AG5: Improve Overall Comfort for All Users | AL5: Improve Patient and Family Agency | AP5: Provide Patient Choice and Control
N6: Preventing Self Harm | O6: Preveting Elopement | P6: Quicker response in emergency events | Q6: Perception of safety | R6: Quick response to patient-initiated harm | S6: Reduce harm aggainst others | T6: Reduce need for restraints | U6: Reduce exposure to triggering content | V6: Enhances patient visibility | W6: Reduce staff workload (physical and cognitive) | X6: Reduce ED waiting times and/or length of stay | Y6: Adequate care for co-occurring med/psych conditions | Z6: Improved coordination of patient flow | AA6: Provision of appropriate psych care in the ED | AB6: Enhance team coordination and collaboration | AC6: Quick response from medical team | AD6: Streamlined flow of information | AE6: Support staff and resident training | AF6: Reduced miscommunication with family members | AG6: Enhance Patient and family satisfaction | AH6: Improve Patient and family comfort | AI6: Reduce anxiety | AJ6: Reduce crowding | AK6: Enhanced staff satisfaction | AL6: Facilitating family participation in care | AM6: Promoting trust and rapport | AN6: Safeguard patient confidential information | AO6: Limits being seen by others | AP6: Reduce agitation & boredom | AQ6: Enhance sense of dignity | AR6: Improve emotional & sleep regulation
C7: Screening
B8: 1 | C8: Security Screening:
B9: 1.1 | C9: How do you anticipate screening all patients/care partners for ligature risks and contraband items before entering the ED? | E9: a. What equipment/system do you anticipate using for screening patients and care partners before entering the ED? | G9: X | H9: X | I9: X | J9: X | K9: {=SUMPRODUCT(IFERROR(VLOOKUP(N9:AR9,'Response Options'!$D$5:$E$10,2,FALSE),0))/COUNTA(N9:AR9)} -> 3 | L9: =ROUND(K9,0) -> 3 | M9: =_xlfn.XLOOKUP(L9,'Response Options'!$E$5:$E$10,'Response Options'!$D$5:$D$10) -> Very Important | N9: ='Outcome Priotization'!F12 -> Critically Important / Essential | Q9: ='Outcome Priotization'!F15 -> Slightly important | S9: ='Outcome Priotization'!F17 -> Very Important
E10: b. Where do you anticipate screening patients and care partners before entering the ED? | G10: X | H10: X | I10: X | J10: X
B11: 2 | C11: Mental & Behavioral Health (MBH) Screening:
B12: 2.1 | C12: How do you anticipate screening patients for aggression and suicide risk upon entering the ED (walk-in & EMS patients)? | E12: a. Do you anticipate having an alternate route for taking aggressive/suicidal patients to the patient room after screening? | G12: X | K12: {=SUMPRODUCT(IFERROR(VLOOKUP(N12:AR12,'Response Options'!$D$5:$E$10,2,FALSE),0))/COUNTA(N12:AR12)} -> 3.8571429 | L12: =ROUND(K12,0) -> 4 | M12: =_xlfn.XLOOKUP(L12,'Response Options'!$E$5:$E$10,'Response Options'!$D$5:$D$10) -> Extremely Important | N12: ='Outcome Priotization'!$F$12 -> Critically Important / Essential | O12: ='Outcome Priotization'!F13 -> Moderately Important | P12: ='Outcome Priotization'!F14 -> Critically Important / Essential | Q12: ='Outcome Priotization'!F15 -> Slightly important | R12: ='Outcome Priotization'!F16 -> Critically Important / Essential | S12: ='Outcome Priotization'!F17 -> Very Important | U12: ='Outcome Priotization'!F19 -> Critically Important / Essential | X12: ='Outcome Priotization'!F22 -> Slightly unimportant | Y12: ='Outcome Priotization'!F23 -> Very Important | Z12: ='Outcome Priotization'!F24 -> Critically Important / Essential | AA12: ='Outcome Priotization'!F25 -> Critically Important / Essential | AI12: ='Outcome Priotization'!F33 -> Critically Important / Essential | AJ12: ='Outcome Priotization'!F34 -> Critically Important / Essential | AP12: ='Outcome Priotization'!F40 -> Critically Important / Essential
B13: 2.2 | C13: Do you anticipate MBH patients and their care partners waiting in the Waiting Area | E13: a. Where do you anticipate the MBH patients will wait in the ED? | G13: X | H13: X | I13: X | J13: X | K13: {=SUMPRODUCT(IFERROR(VLOOKUP(N13:AR13,'Response Options'!$D$5:$E$10,2,FALSE),0))/COUNTA(N13:AR13)} -> 3.3846154 | L13: =ROUND(K13,0) -> 3 | M13: =_xlfn.XLOOKUP(L13,'Response Options'!$E$5:$E$10,'Response Options'!$D$5:$D$10) -> Very Important | N13: ='Outcome Priotization'!$F$12 -> Critically Important / Essential | O13: ='Outcome Priotization'!F13 -> Moderately Important | Q13: ='Outcome Priotization'!F15 -> Slightly important | U13: ='Outcome Priotization'!F19 -> Critically Important / Essential | X13: ='Outcome Priotization'!F22 -> Slightly unimportant | Y13: ='Outcome Priotization'!F23 -> Very Important | Z13: ='Outcome Priotization'!F24 -> Critically Important / Essential | AA13: ='Outcome Priotization'!F25 -> Critically Important / Essential | AH13: ='Outcome Priotization'!F32 -> Very Important | AI13: ='Outcome Priotization'!F33 -> Critically Important / Essential | AJ13: ='Outcome Priotization'!F34 -> Critically Important / Essential | AO13: ='Outcome Priotization'!F39 -> Slightly unimportant | AP13: ='Outcome Priotization'!F40 -> Critically Important / Essential
E14: b. How do you anticipate minimizing ligature risks in the MBH waiting space? | G14: X | H14: X | I14: X | J14: X
E15: c. How do you anticipate minimizing elopement risks in the MBH waiting space? | G15: X | H15: X | I15: X | J15: X
E16: d. How do you anticipate engaging/distracting MBH patients and their care partners in the ED waiting area? | G16: X | H16: X | I16: X | J16: X
C17: Triaging & Initial Assessment
B18: 3 | C18: Triaging:
B19: 3.1 | C19: How do you anticipate triaging MBH patients in the ED? | E19: a. Where do you anticipate triaging MBH patients? | G19: X | H19: X | I19: X | J19: X | K19: {=SUMPRODUCT(IFERROR(VLOOKUP(N19:AR19,'Response Options'!$D$5:$E$10,2,FALSE),0))/COUNTA(N19:AR19)} -> 3.6923077 | L19: =ROUND(K19,0) -> 4 | M19: =_xlfn.XLOOKUP(L19,'Response Options'!$E$5:$E$10,'Response Options'!$D$5:$D$10) -> Extremely Important | N19: ='Outcome Priotization'!$F$12 -> Critically Important / Essential | O19: ='Outcome Priotization'!F13 -> Moderately Important | P19: ='Outcome Priotization'!F14 -> Critically Important / Essential | R19: ='Outcome Priotization'!F16 -> Critically Important / Essential | S19: ='Outcome Priotization'!F17 -> Very Important | U19: ='Outcome Priotization'!F19 -> Critically Important / Essential | X19: ='Outcome Priotization'!F22 -> Slightly unimportant | Y19: ='Outcome Priotization'!F23 -> Very Important | AA19: ='Outcome Priotization'!F25 -> Critically Important / Essential | AC19: ='Outcome Priotization'!F27 -> Moderately Important | AI19: ='Outcome Priotization'!F33 -> Critically Important / Essential | AN19: ='Outcome Priotization'!F38 -> Very Important | AQ19: ='Outcome Priotization'!F41 -> Critically Important / Essential
E20: b. How do you anticipate minimizing ligature points in the triaging space? | G20: X | H20: X | I20: X | J20: X
E21: c. How do you anticipate maintaining privacy in the ED triage room? | G21: X | H21: X | I21: X | J21: X
B22: 4 | C22: Bed Allocation:
B23: 4.1 | C23: What is your anticipated policy/process for allocating MBH patients in the ED care spaces? | E23: a. Where do you anticipate locating MBH patient care spaces in the ED to improve situational awareness? | G23: X | H23: X | I23: X | J23: X | K23: {=SUMPRODUCT(IFERROR(VLOOKUP(N23:AR23,'Response Options'!$D$5:$E$10,2,FALSE),0))/COUNTA(N23:AR23)} -> 3.5789474 | L23: =ROUND(K23,0) -> 4 | M23: =_xlfn.XLOOKUP(L23,'Response Options'!$E$5:$E$10,'Response Options'!$D$5:$D$10) -> Extremely Important | N23: ='Outcome Priotization'!$F$12 -> Critically Important / Essential | O23: ='Outcome Priotization'!F13 -> Moderately Important | P23: ='Outcome Priotization'!F14 -> Critically Important / Essential | Q23: ='Outcome Priotization'!F15 -> Slightly important | R23: ='Outcome Priotization'!F16 -> Critically Important / Essential | S23: ='Outcome Priotization'!F17 -> Very Important | U23: ='Outcome Priotization'!F19 -> Critically Important / Essential | V23: ='Outcome Priotization'!F20 -> Critically Important / Essential | W23: ='Outcome Priotization'!F21 -> Extremely Important | Y23: ='Outcome Priotization'!F23 -> Very Important | AA23: ='Outcome Priotization'!F25 -> Critically Important / Essential | AC23: ='Outcome Priotization'!F27 -> Moderately Important | AH23: ='Outcome Priotization'!F32 -> Very Important | AI23: ='Outcome Priotization'!F33 -> Critically Important / Essential | AN23: ='Outcome Priotization'!F38 -> Very Important | AO23: ='Outcome Priotization'!F39 -> Slightly unimportant | AP23: ='Outcome Priotization'!F40 -> Critically Important / Essential | AQ23: ='Outcome Priotization'!F41 -> Critically Important / Essential | AR23: ='Outcome Priotization'!F42 -> Moderately Important
E24: b. If you intend to use any specific technology/equipment (e.g. cameras) to improve situational awareness, where do you anticipate locating them? Where do you anticipate locating the screens that will be used for monitored? | G24: X | H24: X | I24: X | J24: X
E25: c. Do you anticipate using the same room for MBH and non-MBH patients? | G25: X | H25: X | I25: X | J25: X
E26: d. Do you anticipate having dedicated MBH rooms in the ED? How many? | G26: X | H26: X | I26: X | J26: X
E27: e. Do you anticipate having specific pediatric MBH friendly ED exam rooms? How many? | G27: X | H27: X | I27: X | J27: X
B28: 4.2 | C28: How do you anticipate adapting/ligature-minimizing patient rooms for the needs of MBH patients and dual diagnosis patients? | E28: a. Where do you anticipate storing the equipment and supplies while ligature-minimizing the room? | G28: X | H28: X | I28: X | J28: X | K28: {=SUMPRODUCT(IFERROR(VLOOKUP(N28:AR28,'Response Options'!$D$5:$E$10,2,FALSE),0))/COUNTA(N28:AR28)} -> 3.6153846 | L28: =ROUND(K28,0) -> 4 | M28: =_xlfn.XLOOKUP(L28,'Response Options'!$E$5:$E$10,'Response Options'!$D$5:$D$10) -> Extremely Important | N28: ='Outcome Priotization'!$F$12 -> Critically Important / Essential | Q28: ='Outcome Priotization'!F15 -> Slightly important | S28: ='Outcome Priotization'!F17 -> Very Important | U28: ='Outcome Priotization'!F19 -> Critically Important / Essential | W28: ='Outcome Priotization'!F21 -> Extremely Important | X28: ='Outcome Priotization'!F22 -> Slightly unimportant | Y28: ='Outcome Priotization'!F23 -> Very Important | Z28: ='Outcome Priotization'!F24 -> Critically Important / Essential | AA28: ='Outcome Priotization'!F25 -> Critically Important / Essential | AI28: ='Outcome Priotization'!F33 -> Critically Important / Essential | AK28: ='Outcome Priotization'!F35 -> Slightly important | AP28: ='Outcome Priotization'!F40 -> Critically Important / Essential | AQ28: ='Outcome Priotization'!F41 -> Critically Important / Essential
E29: b. Do you plan to implement flexible ED-exam rooms that may be used for both MBH and non-MBH patients? | G29: X | H29: X | I29: X | J29: X
B30: 4.3 | C30: Do you anticipate placing MBH patients in hallway beds? What type of MBH patients do you anticipate placing in hallway beds? | E30: a. Do you anticipate having designated areas for dedicated hallway beds for MBH patients? Where would you prefer them? | G30: X | H30: X | I30: X | J30: X | K30: {=SUMPRODUCT(IFERROR(VLOOKUP(N30:AR30,'Response Options'!$D$5:$E$10,2,FALSE),0))/COUNTA(N30:AR30)} -> 3.7142857 | L30: =ROUND(K30,0) -> 4 | M30: =_xlfn.XLOOKUP(L30,'Response Options'!$E$5:$E$10,'Response Options'!$D$5:$D$10) -> Extremely Important | N30: ='Outcome Priotization'!$F$12 -> Critically Important / Essential | O30: ='Outcome Priotization'!F13 -> Moderately Important | P30: ='Outcome Priotization'!F14 -> Critically Important / Essential | Q30: ='Outcome Priotization'!F15 -> Slightly important | R30: ='Outcome Priotization'!F16 -> Critically Important / Essential | S30: ='Outcome Priotization'!F17 -> Very Important | U30: ='Outcome Priotization'!F19 -> Critically Important / Essential | V30: ='Outcome Priotization'!F20 -> Critically Important / Essential | W30: ='Outcome Priotization'!F21 -> Extremely Important | X30: ='Outcome Priotization'!F22 -> Slightly unimportant | Z30: ='Outcome Priotization'!F24 -> Critically Important / Essential | AA30: ='Outcome Priotization'!F25 -> Critically Important / Essential | AG30: ='Outcome Priotization'!F31 -> Critically Important / Essential | AH30: ='Outcome Priotization'!F32 -> Very Important | AI30: ='Outcome Priotization'!F33 -> Critically Important / Essential | AJ30: ='Outcome Priotization'!F34 -> Critically Important / Essential | AN30: ='Outcome Priotization'!F38 -> Very Important | AO30: ='Outcome Priotization'!F39 -> Slightly unimportant | AP30: ='Outcome Priotization'!F40 -> Critically Important / Essential | AQ30: ='Outcome Priotization'!F41 -> Critically Important / Essential | AR30: ='Outcome Priotization'!F42 -> Moderately Important
E31: b. How do you anticipate using hallway beds for providing care to MBH patients? | H31: X | I31: X | J31: X
E32: c. Where do you anticipate having private conversations with MBH patients during assessments in hallways beds? | G32: X | H32: X | I32: X | J32: X
E33: d. Where do you anticipate having private conversations with care partners of MBH patients during assessments in hallways beds? | G33: X | H33: X | I33: X | J33: X
E34: e. How do you anticipate improving safety and minimizing ligature risks for MBH patients in hallway beds? | G34: X | H34: X | I34: X | J34: X
B35: 4.4 | C35: Do you have a policy/process for preventing elopement? | E35: a. What features/equipment do you anticipate using within the ED to prevent elopement for MBH patient? | G35: X | H35: X | I35: X | J35: X | K35: {=SUMPRODUCT(IFERROR(VLOOKUP(N35:AR35,'Response Options'!$D$5:$E$10,2,FALSE),0))/COUNTA(N35:AR35)} -> 3.6666667 | L35: =ROUND(K35,0) -> 4 | M35: =_xlfn.XLOOKUP(L35,'Response Options'!$E$5:$E$10,'Response Options'!$D$5:$D$10) -> Extremely Important | O35: ='Outcome Priotization'!F13 -> Moderately Important | P35: ='Outcome Priotization'!F14 -> Critically Important / Essential | Q35: ='Outcome Priotization'!F15 -> Slightly important | R35: ='Outcome Priotization'!F16 -> Critically Important / Essential | S35: ='Outcome Priotization'!F17 -> Very Important | V35: ='Outcome Priotization'!F20 -> Critically Important / Essential | W35: ='Outcome Priotization'!F21 -> Extremely Important | Y35: ='Outcome Priotization'!F23 -> Very Important | AA35: ='Outcome Priotization'!F25 -> Critically Important / Essential
B36: 4.5 | C36: How do you anticipate managing high volumes of MBH patients? | E36: a. Where do you anticipate accommodating high volumes of MBH patients? | G36: X | H36: X | I36: X | J36: X | K36: {=SUMPRODUCT(IFERROR(VLOOKUP(N36:AR36,'Response Options'!$D$5:$E$10,2,FALSE),0))/COUNTA(N36:AR36)} -> 3.7894737 | L36: =ROUND(K36,0) -> 4 | M36: =_xlfn.XLOOKUP(L36,'Response Options'!$E$5:$E$10,'Response Options'!$D$5:$D$10) -> Extremely Important | O36: ='Outcome Priotization'!F13 -> Moderately Important | P36: ='Outcome Priotization'!F14 -> Critically Important / Essential | Q36: ='Outcome Priotization'!F15 -> Slightly important | R36: ='Outcome Priotization'!F16 -> Critically Important / Essential | S36: ='Outcome Priotization'!F17 -> Very Important | U36: ='Outcome Priotization'!F19 -> Critically Important / Essential | V36: ='Outcome Priotization'!F20 -> Critically Important / Essential | W36: ='Outcome Priotization'!F21 -> Extremely Important | X36: ='Outcome Priotization'!F22 -> Slightly unimportant | Z36: ='Outcome Priotization'!F24 -> Critically Important / Essential | AA36: ='Outcome Priotization'!F25 -> Critically Important / Essential | AB36: ='Outcome Priotization'!F26 -> Extremely Important | AG36: ='Outcome Priotization'!F31 -> Critically Important / Essential | AH36: ='Outcome Priotization'!F32 -> Very Important | AI36: ='Outcome Priotization'!F33 -> Critically Important / Essential | AJ36: ='Outcome Priotization'!F34 -> Critically Important / Essential | AO36: ='Outcome Priotization'!F39 -> Slightly unimportant | AP36: ='Outcome Priotization'!F40 -> Critically Important / Essential | AQ36: ='Outcome Priotization'!F41 -> Critically Important / Essential
B37: 4.6 | C37: For general EDs: What is your anticipated policy/process for separating pediatric, adolescent, and adult MBH patients in the ED? | E37: a. Where do you anticipate locating spaces for adult and pediatric MBH patients in the ED? | G37: X | H37: X | I37: X | J37: X | K37: {=SUMPRODUCT(IFERROR(VLOOKUP(N37:AR37,'Response Options'!$D$5:$E$10,2,FALSE),0))/COUNTA(N37:AR37)} -> 3.6666667 | L37: =ROUND(K37,0) -> 4 | M37: =_xlfn.XLOOKUP(L37,'Response Options'!$E$5:$E$10,'Response Options'!$D$5:$D$10) -> Extremely Important | Q37: ='Outcome Priotization'!F15 -> Slightly important | S37: ='Outcome Priotization'!F17 -> Very Important | U37: ='Outcome Priotization'!F19 -> Critically Important / Essential | W37: ='Outcome Priotization'!F21 -> Extremely Important | Y37: ='Outcome Priotization'!F23 -> Very Important | AA37: ='Outcome Priotization'!F25 -> Critically Important / Essential | AG37: ='Outcome Priotization'!F31 -> Critically Important / Essential | AH37: ='Outcome Priotization'!F32 -> Very Important | AI37: ='Outcome Priotization'!F33 -> Critically Important / Essential | AO37: ='Outcome Priotization'!F39 -> Slightly unimportant | AP37: ='Outcome Priotization'!F40 -> Critically Important / Essential | AQ37: ='Outcome Priotization'!F41 -> Critically Important / Essential
B38: 4.7 | C38: For pediatric EDs: What is your anticipated policy/process for separating adolescent MBH patients? | E38: a. Where do you anticipate locating adolescent or older pediatric MBH patients? | G38: X | H38: X | I38: X | J38: X | K38: {=SUMPRODUCT(IFERROR(VLOOKUP(N38:AR38,'Response Options'!$D$5:$E$10,2,FALSE),0))/COUNTA(N38:AR38)} -> 3.6666667 | L38: =ROUND(K38,0) -> 4 | M38: =_xlfn.XLOOKUP(L38,'Response Options'!$E$5:$E$10,'Response Options'!$D$5:$D$10) -> Extremely Important | Q38: ='Outcome Priotization'!F15 -> Slightly important | S38: ='Outcome Priotization'!F17 -> Very Important | U38: ='Outcome Priotization'!F19 -> Critically Important / Essential | W38: ='Outcome Priotization'!F21 -> Extremely Important | Y38: ='Outcome Priotization'!F23 -> Very Important | AA38: ='Outcome Priotization'!F25 -> Critically Important / Essential | AG38: ='Outcome Priotization'!F31 -> Critically Important / Essential | AH38: ='Outcome Priotization'!F32 -> Very Important | AI38: ='Outcome Priotization'!F33 -> Critically Important / Essential | AO38: ='Outcome Priotization'!F39 -> Slightly unimportant | AP38: ='Outcome Priotization'!F40 -> Critically Important / Essential | AQ38: ='Outcome Priotization'!F41 -> Critically Important / Essential
C39: Diagnostic Consideration
B40: 5 | C40: Changing:
B41: 5.1 | C41: What is your anticipated policy/process for changing MBH patients into a gown/scrubs to minimize ligature risks? | E41: a. Where do you anticipate storing patient gowns or scrubs for MBH patients? | G41: X | H41: X | K41: {=SUMPRODUCT(IFERROR(VLOOKUP(N41:AR41,'Response Options'!$D$5:$E$10,2,FALSE),0))/COUNTA(N41:AR41)} -> 3.625 | L41: =ROUND(K41,0) -> 4 | M41: =_xlfn.XLOOKUP(L41,'Response Options'!$E$5:$E$10,'Response Options'!$D$5:$D$10) -> Extremely Important | N41: ='Outcome Priotization'!$F$12 -> Critically Important / Essential | Q41: ='Outcome Priotization'!F15 -> Slightly important | S41: ='Outcome Priotization'!F17 -> Very Important | W41: ='Outcome Priotization'!F21 -> Extremely Important | Y41: ='Outcome Priotization'!F23 -> Very Important | AA41: ='Outcome Priotization'!F25 -> Critically Important / Essential | AH41: ='Outcome Priotization'!F32 -> Very Important | AQ41: ='Outcome Priotization'!F41 -> Critically Important / Essential
E42: b. Where do you anticipate changing out MBH patients? | G42: X | H42: X | I42: X | J42: X
B43: 5.2 | C43: How do you anticipate making accommodations for culturally diverse MBH patients (e.g. beliefs of modesty)? | E43: a. How do you anticipate accommodating cultural beliefs related to modesty/privacy in the ED? | G43: X | H43: X | I43: X | J43: X | K43: {=SUMPRODUCT(IFERROR(VLOOKUP(N43:AR43,'Response Options'!$D$5:$E$10,2,FALSE),0))/COUNTA(N43:AR43)} -> 3.7 | L43: =ROUND(K43,0) -> 4 | M43: =_xlfn.XLOOKUP(L43,'Response Options'!$E$5:$E$10,'Response Options'!$D$5:$D$10) -> Extremely Important | Q43: ='Outcome Priotization'!F15 -> Slightly important | W43: ='Outcome Priotization'!F21 -> Extremely Important | Z43: ='Outcome Priotization'!F24 -> Critically Important / Essential | AA43: ='Outcome Priotization'!F25 -> Critically Important / Essential | AF43: ='Outcome Priotization'!F30 -> Slightly important | AG43: ='Outcome Priotization'!F31 -> Critically Important / Essential | AI43: ='Outcome Priotization'!F33 -> Critically Important / Essential | AL43: ='Outcome Priotization'!F36 -> Moderately Important | AM43: ='Outcome Priotization'!F37 -> Extremely Important | AQ43: ='Outcome Priotization'!F41 -> Critically Important / Essential
B44: 6 | C44: Patient Belongings:
B45: 6.1 | C45: What is your anticipated policy/process for storing and retrieving the personal belongings of MBH patients? | E45: a. Where do you anticipate storing and retrieving the personal belongings of MBH patients? | G45: X | H45: X | I45: X | J45: X | K45: {=SUMPRODUCT(IFERROR(VLOOKUP(N45:AR45,'Response Options'!$D$5:$E$10,2,FALSE),0))/COUNTA(N45:AR45)} -> 4 | L45: =ROUND(K45,0) -> 4 | M45: =_xlfn.XLOOKUP(L45,'Response Options'!$E$5:$E$10,'Response Options'!$D$5:$D$10) -> Extremely Important | Q45: ='Outcome Priotization'!F15 -> Slightly important | W45: ='Outcome Priotization'!F21 -> Extremely Important | Z45: ='Outcome Priotization'!F24 -> Critically Important / Essential | AG45: ='Outcome Priotization'!F31 -> Critically Important / Essential | AH45: ='Outcome Priotization'!F32 -> Very Important | AI45: ='Outcome Priotization'!F33 -> Critically Important / Essential | AM45: ='Outcome Priotization'!F37 -> Extremely Important | AQ45: ='Outcome Priotization'!F41 -> Critically Important / Essential
B46: 7 | C46: Patient Observation:
B47: 7.1 | C47: What is your anticipated policy/process for MBH patient observation in the ED? | E47: a. How do you anticipate observing MBH patients in the ED? | G47: X | H47: X | I47: X | J47: X | K47: {=SUMPRODUCT(IFERROR(VLOOKUP(N47:AR47,'Response Options'!$D$5:$E$10,2,FALSE),0))/COUNTA(N47:AR47)} -> 3.7894737 | L47: =ROUND(K47,0) -> 4 | M47: =_xlfn.XLOOKUP(L47,'Response Options'!$E$5:$E$10,'Response Options'!$D$5:$D$10) -> Extremely Important | N47: ='Outcome Priotization'!$F$12 -> Critically Important / Essential | O47: ='Outcome Priotization'!F13 -> Moderately Important | P47: ='Outcome Priotization'!F14 -> Critically Important / Essential | Q47: ='Outcome Priotization'!F15 -> Slightly important | R47: ='Outcome Priotization'!F16 -> Critically Important / Essential | S47: ='Outcome Priotization'!F17 -> Very Important | T47: ='Outcome Priotization'!F18 -> Critically Important / Essential | U47: ='Outcome Priotization'!F19 -> Critically Important / Essential | V47: ='Outcome Priotization'!F20 -> Critically Important / Essential | W47: ='Outcome Priotization'!F21 -> Extremely Important | Y47: ='Outcome Priotization'!F23 -> Very Important | AA47: ='Outcome Priotization'!F25 -> Critically Important / Essential | AC47: ='Outcome Priotization'!F27 -> Moderately Important | AG47: ='Outcome Priotization'!F31 -> Critically Important / Essential | AH47: ='Outcome Priotization'!F32 -> Very Important | AI47: ='Outcome Priotization'!F33 -> Critically Important / Essential | AM47: ='Outcome Priotization'!F37 -> Extremely Important | AO47: ='Outcome Priotization'!F39 -> Slightly unimportant | AQ47: ='Outcome Priotization'!F41 -> Critically Important / Essential
E48: b. How do you anticipate documenting notes from patient observers? | H48: X | I48: X | J48: X
E49: c. Where do you anticipate locating equipment/staff members for patient observation? | G49: X | H49: X | I49: X | J49: X
B50: 8 | C50: Medical Assessment:
B51: 8.1 | C51: How do you anticipate conducting medical assessments for pediatric MBH patients and dual diagnosis patients in the ED? | E51: a. What equipment might you need to conduct medical assessments for MBH and dual diagnosis patients? | I51: X | J51: X | K51: {=SUMPRODUCT(IFERROR(VLOOKUP(N51:AR51,'Response Options'!$D$5:$E$10,2,FALSE),0))/COUNTA(N51:AR51)} -> 3 | L51: =ROUND(K51,0) -> 3 | M51: =_xlfn.XLOOKUP(L51,'Response Options'!$E$5:$E$10,'Response Options'!$D$5:$D$10) -> Very Important | W51: ='Outcome Priotization'!F21 -> Extremely Important | X51: ='Outcome Priotization'!F22 -> Slightly unimportant | Y51: ='Outcome Priotization'!F23 -> Very Important | Z51: ='Outcome Priotization'!F24 -> Critically Important / Essential | AA51: ='Outcome Priotization'!F25 -> Critically Important / Essential | AB51: ='Outcome Priotization'!F26 -> Extremely Important | AC51: ='Outcome Priotization'!F27 -> Moderately Important | AD51: ='Outcome Priotization'!F28 -> Slightly unimportant | AE51: ='Outcome Priotization'!F29 -> Moderately Important | AL51: ='Outcome Priotization'!F36 -> Moderately Important | AM51: ='Outcome Priotization'!F37 -> Extremely Important | AN51: ='Outcome Priotization'!F38 -> Very Important | AQ51: ='Outcome Priotization'!F41 -> Critically Important / Essential
E52: b. Where do you anticipate storing these equipment? | G52: X | H52: X | I52: X | J52: X
E53: c. In case you need a urine sample, which toilet do you anticipate MBH patients using for this? | G53: X | H53: X | I53: X
B54: 8.2 | C54: How do you anticipate conducting assessments for linguistically diverse MBH patients and care partners? | E54: a. For in-person interpreters, how do you anticipate integrating them within the care spaces? | G54: X | H54: X | J54: X | K54: {=SUMPRODUCT(IFERROR(VLOOKUP(N54:AR54,'Response Options'!$D$5:$E$10,2,FALSE),0))/COUNTA(N54:AR54)} -> 3.375 | L54: =ROUND(K54,0) -> 3 | M54: =_xlfn.XLOOKUP(L54,'Response Options'!$E$5:$E$10,'Response Options'!$D$5:$D$10) -> Very Important | W54: ='Outcome Priotization'!F21 -> Extremely Important | X54: ='Outcome Priotization'!F22 -> Slightly unimportant | Y54: ='Outcome Priotization'!F23 -> Very Important | Z54: ='Outcome Priotization'!F24 -> Critically Important / Essential | AA54: ='Outcome Priotization'!F25 -> Critically Important / Essential | AB54: ='Outcome Priotization'!F26 -> Extremely Important | AD54: ='Outcome Priotization'!F28 -> Slightly unimportant | AF54: ='Outcome Priotization'!F30 -> Slightly important | AG54: ='Outcome Priotization'!F31 -> Critically Important / Essential | AH54: ='Outcome Priotization'!F32 -> Very Important | AI54: ='Outcome Priotization'!F33 -> Critically Important / Essential | AJ54: ='Outcome Priotization'!F34 -> Critically Important / Essential | AL54: ='Outcome Priotization'!F36 -> Moderately Important | AM54: ='Outcome Priotization'!F37 -> Extremely Important | AN54: ='Outcome Priotization'!F38 -> Very Important | AQ54: ='Outcome Priotization'!F41 -> Critically Important / Essential
E55: b. How do you plan to connect with remote/virtual interpreters? | G55: X | H55: X | I55: X | J55: X
E56: c. For remote interpreters, where do you anticipate storing equipment during and after consultations? | G56: X | H56: X | I56: X | J56: X
E57: d. Do you anticipate using tele-psych equipment for remote interpreters? If yes, where do you anticipate storing equipment during and after consultations? | G57: X | H57: X | I57: X | J57: X
B58: 8.3 | C58: How do you anticipate charting and documenting MBH patient records? | E58: a. What kind of equipment do you anticipate using for charting and documentation? | H58: X | I58: X | J58: X | K58: {=SUMPRODUCT(IFERROR(VLOOKUP(N58:AR58,'Response Options'!$D$5:$E$10,2,FALSE),0))/COUNTA(N58:AR58)} -> 3 | L58: =ROUND(K58,0) -> 3 | M58: =_xlfn.XLOOKUP(L58,'Response Options'!$E$5:$E$10,'Response Options'!$D$5:$D$10) -> Very Important | W58: ='Outcome Priotization'!F21 -> Extremely Important | Z58: ='Outcome Priotization'!F24 -> Critically Important / Essential | AA58: ='Outcome Priotization'!F25 -> Critically Important / Essential | AB58: ='Outcome Priotization'!F26 -> Extremely Important | AD58: ='Outcome Priotization'!F28 -> Slightly unimportant | AE58: ='Outcome Priotization'!F29 -> Moderately Important | AK58: ='Outcome Priotization'!F35 -> Slightly important | AN58: ='Outcome Priotization'!F38 -> Very Important
E59: b. Where do you anticipate docking/storing this equipment when not in use? | G59: X | H59: X | I59: X | J59: X
C60: MBH Consultation & Management
B61: 9 | C61: MBH Assessment:
B62: 9.1 | C62: How do you anticipate conducting MBH assessments for pediatric MBH patients and dual diagnosis patients in the ED? | E62: a. Where in the ED do you anticipate accommodating workstations/equipment for MBH care providers (social workers/psychiatrists)? | G62: X | H62: X | I62: X | J62: X | K62: {=SUMPRODUCT(IFERROR(VLOOKUP(N62:AR62,'Response Options'!$D$5:$E$10,2,FALSE),0))/COUNTA(N62:AR62)} -> 3.3888889 | L62: =ROUND(K62,0) -> 3 | M62: =_xlfn.XLOOKUP(L62,'Response Options'!$E$5:$E$10,'Response Options'!$D$5:$D$10) -> Very Important | N62: ='Outcome Priotization'!$F$12 -> Critically Important / Essential | Q62: ='Outcome Priotization'!F15 -> Slightly important | T62: ='Outcome Priotization'!F18 -> Critically Important / Essential | V62: ='Outcome Priotization'!F20 -> Critically Important / Essential | W62: ='Outcome Priotization'!F21 -> Extremely Important | X62: ='Outcome Priotization'!F22 -> Slightly unimportant | Y62: ='Outcome Priotization'!F23 -> Very Important | Z62: ='Outcome Priotization'!F24 -> Critically Important / Essential | AA62: ='Outcome Priotization'!F25 -> Critically Important / Essential | AB62: ='Outcome Priotization'!F26 -> Extremely Important | AD62: ='Outcome Priotization'!F28 -> Slightly unimportant | AG62: ='Outcome Priotization'!F31 -> Critically Important / Essential | AI62: ='Outcome Priotization'!F33 -> Critically Important / Essential | AL62: ='Outcome Priotization'!F36 -> Moderately Important | AM62: ='Outcome Priotization'!F37 -> Extremely Important | AN62: ='Outcome Priotization'!F38 -> Very Important | AO62: ='Outcome Priotization'!F39 -> Slightly unimportant | AQ62: ='Outcome Priotization'!F41 -> Critically Important / Essential
E63: b. Where do you anticipate having private conversations with MBH patients during assessments? | G63: X | H63: X | I63: X | J63: X
E64: c. Where do you anticipate having private conversations with parents of MBH patients during assessments? | G64: X | H64: X | I64: X | J64: X
B65: 9.2 | C65: What is your anticipated process for conducting tele-psych consultations? | E65: a. Where do you anticipate conducting tele-psych consultations? | G65: X | H65: X | I65: X | J65: X | K65: {=SUMPRODUCT(IFERROR(VLOOKUP(N65:AR65,'Response Options'!$D$5:$E$10,2,FALSE),0))/COUNTA(N65:AR65)} -> 3.6666667 | L65: =ROUND(K65,0) -> 4 | M65: =_xlfn.XLOOKUP(L65,'Response Options'!$E$5:$E$10,'Response Options'!$D$5:$D$10) -> Extremely Important | P65: ='Outcome Priotization'!F14 -> Critically Important / Essential | Q65: ='Outcome Priotization'!F15 -> Slightly important | R65: ='Outcome Priotization'!F16 -> Critically Important / Essential | S65: ='Outcome Priotization'!F17 -> Very Important | T65: ='Outcome Priotization'!F18 -> Critically Important / Essential | U65: ='Outcome Priotization'!F19 -> Critically Important / Essential | V65: ='Outcome Priotization'!F20 -> Critically Important / Essential | W65: ='Outcome Priotization'!F21 -> Extremely Important | X65: ='Outcome Priotization'!F22 -> Slightly unimportant | Z65: ='Outcome Priotization'!F24 -> Critically Important / Essential | AA65: ='Outcome Priotization'!F25 -> Critically Important / Essential | AB65: ='Outcome Priotization'!F26 -> Extremely Important | AD65: ='Outcome Priotization'!F28 -> Slightly unimportant | AG65: ='Outcome Priotization'!F31 -> Critically Important / Essential | AI65: ='Outcome Priotization'!F33 -> Critically Important / Essential | AL65: ='Outcome Priotization'!F36 -> Moderately Important | AM65: ='Outcome Priotization'!F37 -> Extremely Important | AN65: ='Outcome Priotization'!F38 -> Very Important
E66: b. What kind of equipment would you need for conducting tele-psych consultations? | I66: X | J66: X
E67: c. Where do you anticipate storing these equipment when they are not in use? | G67: X | H67: X | I67: X | J67: X
B68: 9.3 | C68: How do you anticipate coordinating care between medical and MBH care providers in the ED? | E68: a. Do you anticipate having shared workstations for MBH care team members in the ED? | H68: X | I68: X | J68: X | K68: {=SUMPRODUCT(IFERROR(VLOOKUP(N68:AR68,'Response Options'!$D$5:$E$10,2,FALSE),0))/COUNTA(N68:AR68)} -> 2.5 | L68: =ROUND(K68,0) -> 3 | M68: =_xlfn.XLOOKUP(L68,'Response Options'!$E$5:$E$10,'Response Options'!$D$5:$D$10) -> Very Important | W68: ='Outcome Priotization'!F21 -> Extremely Important | X68: ='Outcome Priotization'!F22 -> Slightly unimportant | Y68: ='Outcome Priotization'!F23 -> Very Important | Z68: ='Outcome Priotization'!F24 -> Critically Important / Essential | AA68: ='Outcome Priotization'!F25 -> Critically Important / Essential | AB68: ='Outcome Priotization'!F26 -> Extremely Important | AD68: ='Outcome Priotization'!F28 -> Slightly unimportant | AE68: ='Outcome Priotization'!F29 -> Moderately Important | AF68: ='Outcome Priotization'!F30 -> Slightly important | AK68: ='Outcome Priotization'!F35 -> Slightly important
E69: b. Where do you anticipate locating workstations for medical and MBH clinicians in the ED? | G69: X | H69: X | I69: X | J69: X
E70: c. Do you anticipate using any technology/equipment/system for care team members to coordinate MBH care processes? | G70: X | H70: X | I70: X | J70: X
E71: d. Do you anticipate having a space for care team members to have private conversations about their MBH patients? | G71: X | H71: X | I71: X | J71: X
B72: 9.4 | C72: How do you anticipate updating MBH patients/care partners about their care plan and processes? | E72: a. Do you anticipate using any equipment/feature/technology to share care plans and processes with MBH patients and their care partners? | H72: X | I72: X | J72: X | K72: {=SUMPRODUCT(IFERROR(VLOOKUP(N72:AR72,'Response Options'!$D$5:$E$10,2,FALSE),0))/COUNTA(N72:AR72)} -> 2.125 | L72: =ROUND(K72,0) -> 2 | M72: =_xlfn.XLOOKUP(L72,'Response Options'!$E$5:$E$10,'Response Options'!$D$5:$D$10) -> Moderately Important | Q72: ='Outcome Priotization'!F15 -> Slightly important | AD72: ='Outcome Priotization'!F28 -> Slightly unimportant | AF72: ='Outcome Priotization'!F30 -> Slightly important | AG72: ='Outcome Priotization'!F31 -> Critically Important / Essential | AK72: ='Outcome Priotization'!F35 -> Slightly important | AL72: ='Outcome Priotization'!F36 -> Moderately Important | AM72: ='Outcome Priotization'!F37 -> Extremely Important | AN72: ='Outcome Priotization'!F38 -> Very Important
E73: b. Where do you anticipate locating these equipment/features? | G73: X | H73: X | I73: X | J73: X
B74: 10 | C74: MBH Boarding/Waiting:
B75: 10.1 | C75: How do you anticipate MBH patients and/or care partners communicating with nurses? | E75: a. What system do you anticipate having in the patient room to communicate with nurses? | H75: X | I75: X | J75: X | K75: {=SUMPRODUCT(IFERROR(VLOOKUP(N75:AR75,'Response Options'!$D$5:$E$10,2,FALSE),0))/COUNTA(N75:AR75)} -> 3.1111111 | L75: =ROUND(K75,0) -> 3 | M75: =_xlfn.XLOOKUP(L75,'Response Options'!$E$5:$E$10,'Response Options'!$D$5:$D$10) -> Very Important | P75: ='Outcome Priotization'!F14 -> Critically Important / Essential | R75: ='Outcome Priotization'!F16 -> Critically Important / Essential | W75: ='Outcome Priotization'!F21 -> Extremely Important | AC75: ='Outcome Priotization'!F27 -> Moderately Important | AD75: ='Outcome Priotization'!F28 -> Slightly unimportant | AF75: ='Outcome Priotization'!F30 -> Slightly important | AG75: ='Outcome Priotization'!F31 -> Critically Important / Essential | AL75: ='Outcome Priotization'!F36 -> Moderately Important | AM75: ='Outcome Priotization'!F37 -> Extremely Important
E76: b. Where do you anticipate locating these equipment/features in the room? | G76: X | H76: X | I76: X | J76: X
E77: c. How do you anticipate patients or care partners communicating with ED nurses from the hallway beds? | G77: X | H77: X | I77: X | J77: X
B78: 10.2 | C78: What is your anticipated process for allowing MBH patients to use toilets/bathrooms/showers in the ED? | E78: a. Where do you anticipate locating these patient toilets/bathrooms/showers in the ED? | G78: X | H78: X | I78: X | K78: {=SUMPRODUCT(IFERROR(VLOOKUP(N78:AR78,'Response Options'!$D$5:$E$10,2,FALSE),0))/COUNTA(N78:AR78)} -> 3.6 | L78: =ROUND(K78,0) -> 4 | M78: =_xlfn.XLOOKUP(L78,'Response Options'!$E$5:$E$10,'Response Options'!$D$5:$D$10) -> Extremely Important | N78: ='Outcome Priotization'!$F$12 -> Critically Important / Essential | O78: ='Outcome Priotization'!F13 -> Moderately Important | P78: ='Outcome Priotization'!F14 -> Critically Important / Essential | Q78: ='Outcome Priotization'!F15 -> Slightly important | S78: ='Outcome Priotization'!F17 -> Very Important | U78: ='Outcome Priotization'!F19 -> Critically Important / Essential | V78: ='Outcome Priotization'!F20 -> Critically Important / Essential | W78: ='Outcome Priotization'!F21 -> Extremely Important | AA78: ='Outcome Priotization'!F25 -> Critically Important / Essential | AG78: ='Outcome Priotization'!F31 -> Critically Important / Essential | AH78: ='Outcome Priotization'!F32 -> Very Important | AM78: ='Outcome Priotization'!F37 -> Extremely Important | AO78: ='Outcome Priotization'!F39 -> Slightly unimportant | AQ78: ='Outcome Priotization'!F41 -> Critically Important / Essential | AR78: ='Outcome Priotization'!F42 -> Moderately Important
E79: b. Do you anticipate having ligature-minimized toilets/bathrooms/showers for MBH patients in the ED? How many? | G79: X | H79: X | I79: X
E80: c. How do you anticipate minimizing ligature and elopement risks while transporting MBH patients to the toilets/bathrooms/showers? | G80: X | H80: X | I80: X | J80: X
B81: 10.3 | C81: How do you anticipate engaging MBH patients during the stay in the ED? | E81: a. What kinds of activities do you anticipate having for engaging MBH patients in the ED? | G81: X | H81: X | I81: X | J81: X | K81: {=SUMPRODUCT(IFERROR(VLOOKUP(N81:AR81,'Response Options'!$D$5:$E$10,2,FALSE),0))/COUNTA(N81:AR81)} -> 4 | L81: =ROUND(K81,0) -> 4 | M81: =_xlfn.XLOOKUP(L81,'Response Options'!$E$5:$E$10,'Response Options'!$D$5:$D$10) -> Extremely Important | N81: ='Outcome Priotization'!$F$12 -> Critically Important / Essential | O81: ='Outcome Priotization'!F13 -> Moderately Important | S81: ='Outcome Priotization'!F17 -> Very Important | T81: ='Outcome Priotization'!F18 -> Critically Important / Essential | U81: ='Outcome Priotization'!F19 -> Critically Important / Essential | AG81: ='Outcome Priotization'!F31 -> Critically Important / Essential | AH81: ='Outcome Priotization'!F32 -> Very Important | AI81: ='Outcome Priotization'!F33 -> Critically Important / Essential | AM81: ='Outcome Priotization'!F37 -> Extremely Important | AP81: ='Outcome Priotization'!F40 -> Critically Important / Essential | AR81: ='Outcome Priotization'!F42 -> Moderately Important
E82: b. What kinds of spaces might you need for performing these activities? | G82: X | H82: X | I82: X | J82: X
E83: c. What kind of equipment (if at all) might you need to perform these activities and where might you store them during/after the activity? | G83: X | H83: X | I83: X | J83: X
E84: d. What additional amenities (e.g., food & water), if at all, do you anticipate providing for MBH patients staying in the ED for longer periods of time? | G84: X | H84: X | I84: X | J84: X
B85: 10.4 | C85: How do you anticipate engaging care partners of MBH patients? | E85: a. Where do you anticipate accommodating care partners of MBH patients? | G85: X | H85: X | I85: X | J85: X | K85: {=SUMPRODUCT(IFERROR(VLOOKUP(N85:AR85,'Response Options'!$D$5:$E$10,2,FALSE),0))/COUNTA(N85:AR85)} -> 3 | L85: =ROUND(K85,0) -> 3 | M85: =_xlfn.XLOOKUP(L85,'Response Options'!$E$5:$E$10,'Response Options'!$D$5:$D$10) -> Very Important | AF85: ='Outcome Priotization'!F30 -> Slightly important | AG85: ='Outcome Priotization'!F31 -> Critically Important / Essential | AH85: ='Outcome Priotization'!F32 -> Very Important | AL85: ='Outcome Priotization'!F36 -> Moderately Important | AM85: ='Outcome Priotization'!F37 -> Extremely Important
E86: b. What amenities (water & food options) would you like to provide for care partners of MBH patients? | G86: X | H86: X | I86: X | J86: X
E87: c. What additional spaces (e.g. spaces for sleeping, showering, etc.) do you anticipate providing for care partners of MBH patients? | G87: X | H87: X | I87: X | J87: X
B88: 10.5 | C88: How do you anticipate accommodating MBH patients with longer length of stay in the ED? | E88: a. Where do you anticipate accommodating these patients? | G88: X | H88: X | I88: X | J88: X | K88: {=SUMPRODUCT(IFERROR(VLOOKUP(N88:AR88,'Response Options'!$D$5:$E$10,2,FALSE),0))/COUNTA(N88:AR88)} -> 3.5652174 | L88: =ROUND(K88,0) -> 4 | M88: =_xlfn.XLOOKUP(L88,'Response Options'!$E$5:$E$10,'Response Options'!$D$5:$D$10) -> Extremely Important | N88: ='Outcome Priotization'!$F$12 -> Critically Important / Essential | O88: ='Outcome Priotization'!F13 -> Moderately Important | P88: ='Outcome Priotization'!F14 -> Critically Important / Essential | Q88: ='Outcome Priotization'!F15 -> Slightly important | R88: ='Outcome Priotization'!F16 -> Critically Important / Essential | S88: ='Outcome Priotization'!F17 -> Very Important | U88: ='Outcome Priotization'!F19 -> Critically Important / Essential | V88: ='Outcome Priotization'!F20 -> Critically Important / Essential | W88: ='Outcome Priotization'!F21 -> Extremely Important | X88: ='Outcome Priotization'!F22 -> Slightly unimportant | Z88: ='Outcome Priotization'!F24 -> Critically Important / Essential | AA88: ='Outcome Priotization'!F25 -> Critically Important / Essential | AF88: ='Outcome Priotization'!F30 -> Slightly important | AG88: ='Outcome Priotization'!F31 -> Critically Important / Essential | AH88: ='Outcome Priotization'!F32 -> Very Important | AI88: ='Outcome Priotization'!F33 -> Critically Important / Essential | AJ88: ='Outcome Priotization'!F34 -> Critically Important / Essential | AL88: ='Outcome Priotization'!F36 -> Moderately Important | AM88: ='Outcome Priotization'!F37 -> Extremely Important | AO88: ='Outcome Priotization'!F39 -> Slightly unimportant | AP88: ='Outcome Priotization'!F40 -> Critically Important / Essential | AQ88: ='Outcome Priotization'!F41 -> Critically Important / Essential | AR88: ='Outcome Priotization'!F42 -> Moderately Important
B89: 10.6 | C89: Do you anticipate separating MBH patients and care partners at any point of their stay in the ED (e.g. conflicts, de-escalation measures)? | E89: a. Where do you anticipate accommodating care partners when they are separated from the MBH patient? | G89: X | H89: X | I89: X | J89: X | K89: {=SUMPRODUCT(IFERROR(VLOOKUP(N89:AR89,'Response Options'!$D$5:$E$10,2,FALSE),0))/COUNTA(N89:AR89)} -> 3.8 | L89: =ROUND(K89,0) -> 4 | M89: =_xlfn.XLOOKUP(L89,'Response Options'!$E$5:$E$10,'Response Options'!$D$5:$D$10) -> Extremely Important | U89: ='Outcome Priotization'!F19 -> Critically Important / Essential | AA89: ='Outcome Priotization'!F25 -> Critically Important / Essential | AF89: ='Outcome Priotization'!F30 -> Slightly important | AG89: ='Outcome Priotization'!F31 -> Critically Important / Essential | AH89: ='Outcome Priotization'!F32 -> Very Important | AI89: ='Outcome Priotization'!F33 -> Critically Important / Essential | AL89: ='Outcome Priotization'!F36 -> Moderately Important | AM89: ='Outcome Priotization'!F37 -> Extremely Important | AN89: ='Outcome Priotization'!F38 -> Very Important | AQ89: ='Outcome Priotization'!F41 -> Critically Important / Essential
B90: 10.7 | C90: How do you anticipate moving MBH patients from the ED to ancillary dedicated MBH care spaces? | E90: a. How do you anticipate connecting the dedicated MBH care spaces to the ED? | G90: X | H90: X | I90: X | J90: X | K90: {=SUMPRODUCT(IFERROR(VLOOKUP(N90:AR90,'Response Options'!$D$5:$E$10,2,FALSE),0))/COUNTA(N90:AR90)} -> 3.7142857 | L90: =ROUND(K90,0) -> 4 | M90: =_xlfn.XLOOKUP(L90,'Response Options'!$E$5:$E$10,'Response Options'!$D$5:$D$10) -> Extremely Important | O90: ='Outcome Priotization'!F13 -> Moderately Important | P90: ='Outcome Priotization'!F14 -> Critically Important / Essential | R90: ='Outcome Priotization'!F16 -> Critically Important / Essential | S90: ='Outcome Priotization'!F17 -> Very Important | T90: ='Outcome Priotization'!F18 -> Critically Important / Essential | U90: ='Outcome Priotization'!F19 -> Critically Important / Essential | W90: ='Outcome Priotization'!F21 -> Extremely Important | X90: ='Outcome Priotization'!F22 -> Slightly unimportant | Z90: ='Outcome Priotization'!F24 -> Critically Important / Essential | AA90: ='Outcome Priotization'!F25 -> Critically Important / Essential | AJ90: ='Outcome Priotization'!F34 -> Critically Important / Essential | AN90: ='Outcome Priotization'!F38 -> Very Important | AO90: ='Outcome Priotization'!F39 -> Slightly unimportant | AQ90: ='Outcome Priotization'!F41 -> Critically Important / Essential
C91: Managing Acutely Agitated or Aggressive Patients
B92: 11 | C92: De-escalation & Restraints:
B93: 11.1 | C93: What is your anticipated process for deescalating MBH patients? | E93: a. Where do you anticipate performing de-escalation measures in the ED? | G93: X | H93: X | I93: X | J93: X | K93: {=SUMPRODUCT(IFERROR(VLOOKUP(N93:AR93,'Response Options'!$D$5:$E$10,2,FALSE),0))/COUNTA(N93:AR93)} -> 3.8235294 | L93: =ROUND(K93,0) -> 4 | M93: =_xlfn.XLOOKUP(L93,'Response Options'!$E$5:$E$10,'Response Options'!$D$5:$D$10) -> Extremely Important | N93: ='Outcome Priotization'!$F$12 -> Critically Important / Essential | O93: ='Outcome Priotization'!F13 -> Moderately Important | P93: ='Outcome Priotization'!F14 -> Critically Important / Essential | Q93: ='Outcome Priotization'!F15 -> Slightly important | R93: ='Outcome Priotization'!F16 -> Critically Important / Essential | S93: ='Outcome Priotization'!F17 -> Very Important | T93: ='Outcome Priotization'!F18 -> Critically Important / Essential | U93: ='Outcome Priotization'!F19 -> Critically Important / Essential | AA93: ='Outcome Priotization'!F25 -> Critically Important / Essential | AG93: ='Outcome Priotization'!F31 -> Critically Important / Essential | AH93: ='Outcome Priotization'!F32 -> Very Important | AI93: ='Outcome Priotization'!F33 -> Critically Important / Essential | AM93: ='Outcome Priotization'!F37 -> Extremely Important | AO93: ='Outcome Priotization'!F39 -> Slightly unimportant | AP93: ='Outcome Priotization'!F40 -> Critically Important / Essential | AQ93: ='Outcome Priotization'!F41 -> Critically Important / Essential | AR93: ='Outcome Priotization'!F42 -> Moderately Important
E94: b. What might you need in the room/space for de-escalating patients? | G94: X | H94: X | I94: X | J94: X
B95: 11.2 | C95: Do you anticipate adapting the sensory environment of the patient rooms based on the patients' MBH needs? | E95: a. How do you plan to adapt the room sensory environment (e.g. light, sound, temperature, texture, smell)? | G95: X | H95: X | I95: X | J95: X | K95: {=SUMPRODUCT(IFERROR(VLOOKUP(N95:AR95,'Response Options'!$D$5:$E$10,2,FALSE),0))/COUNTA(N95:AR95)} -> 3.9230769 | L95: =ROUND(K95,0) -> 4 | M95: =_xlfn.XLOOKUP(L95,'Response Options'!$E$5:$E$10,'Response Options'!$D$5:$D$10) -> Extremely Important | N95: ='Outcome Priotization'!$F$12 -> Critically Important / Essential | O95: ='Outcome Priotization'!F13 -> Moderately Important | Q95: ='Outcome Priotization'!F15 -> Slightly important | S95: ='Outcome Priotization'!F17 -> Very Important | T95: ='Outcome Priotization'!F18 -> Critically Important / Essential | U95: ='Outcome Priotization'!F19 -> Critically Important / Essential | AA95: ='Outcome Priotization'!F25 -> Critically Important / Essential | AG95: ='Outcome Priotization'!F31 -> Critically Important / Essential | AH95: ='Outcome Priotization'!F32 -> Very Important | AI95: ='Outcome Priotization'!F33 -> Critically Important / Essential | AP95: ='Outcome Priotization'!F40 -> Critically Important / Essential | AQ95: ='Outcome Priotization'!F41 -> Critically Important / Essential | AR95: ='Outcome Priotization'!F42 -> Moderately Important
E96: b. What features of the patient room do you anticipate adapting? | G96: X | H96: X | I96: X | J96: X
E97: c. Who would control these sensory adaptations (e.g. patient/care partner/staff)? | G97: X | H97: X | I97: X | J97: X
E98: d. How do you anticipate deactivating features within the room (e.g. sensory adaptations, alarms, sinks, etc.) in case MBH patients misuse them? | H98: X | I98: X | J98: X
B99: 11.3 | C99: When do you anticipate using physical/chemical restraints on MBH patients in the ED? How? | E99: a. Where do you anticipate storing physical/chemical restraints for MBH patients? | H99: X | K99: {=SUMPRODUCT(IFERROR(VLOOKUP(N99:AR99,'Response Options'!$D$5:$E$10,2,FALSE),0))/COUNTA(N99:AR99)} -> 3.875 | L99: =ROUND(K99,0) -> 4 | M99: =_xlfn.XLOOKUP(L99,'Response Options'!$E$5:$E$10,'Response Options'!$D$5:$D$10) -> Extremely Important | N99: ='Outcome Priotization'!$F$12 -> Critically Important / Essential | O99: ='Outcome Priotization'!F13 -> Moderately Important | P99: ='Outcome Priotization'!F14 -> Critically Important / Essential | Q99: ='Outcome Priotization'!F15 -> Slightly important | R99: ='Outcome Priotization'!F16 -> Critically Important / Essential | S99: ='Outcome Priotization'!F17 -> Very Important | T99: ='Outcome Priotization'!F18 -> Critically Important / Essential | W99: ='Outcome Priotization'!F21 -> Extremely Important | Y99: ='Outcome Priotization'!F23 -> Very Important | AA99: ='Outcome Priotization'!F25 -> Critically Important / Essential | AG99: ='Outcome Priotization'!F31 -> Critically Important / Essential | AH99: ='Outcome Priotization'!F32 -> Very Important | AI99: ='Outcome Priotization'!F33 -> Critically Important / Essential | AM99: ='Outcome Priotization'!F37 -> Extremely Important | AQ99: ='Outcome Priotization'!F41 -> Critically Important / Essential | AR99: ='Outcome Priotization'!F42 -> Moderately Important
E100: b. How many staff members would you need to administer physical/chemical restraints on MBH patients? | G100: X | H100: X | I100: X | J100: X
...

Sheet Guideline Prioritization
C5: Design Guidelines Prioritization Worksheet
C7: Refer to the Design Guidelines chapter of the Toolkit Companion Book to learn about each of the design guidelines. This prioritization worksheet shows how important each guideline is for your project, according to related objectives and their priorities
C8: Review the importance based on outcome prioritization, then select from the options in the dropdown menu in the "Review Importance" column to either confirm or adjust the levels of importance for each guideline
C10: Category | D10: Guideline | E10: Related Outcomes | N10: Importance based on Outcome priotization | O10: Review Importance
E11: Improve Safety & Security | F11: Optimize Efficiency & Effectiveness | G11: Improve Communication | H11: Improve Overall Comfort for all users | I11: Improve Patient and Family Agency | J11: Provide Choice & Control | K11: Sum | L11: Mean | M11: Round
C12: Patient Safety | D12: 1. Maximize staff's situational awareness of the patient | E12: {=_xlfn.XLOOKUP("Improve Safety & Security",_xlfn.ANCHORARRAY( 'Outcome Priotization'!K12),'Outcome Priotization'!L12:L17)} -> First priority | K12: {=SUMPRODUCT(IFERROR(VLOOKUP(E12:J12,'Response Options'!D14:E19,2,FALSE),0))} -> 6 | L12: =K12/1 -> 6 | M12: =ROUND(L12,0) -> 6 | N12: =_xlfn.XLOOKUP(M12,'Response Options'!F5:F10,'Response Options'!D5:D10) -> Critically Important / Essential | O12: Critically Important / Essential
D13: 2. Reduce opportunities for the patient to cause harm | E13: {=_xlfn.XLOOKUP("Improve Safety & Security",_xlfn.ANCHORARRAY( 'Outcome Priotization'!K12),'Outcome Priotization'!L12:L17)} -> First priority | F13: {=_xlfn.XLOOKUP("Optimize Efficiency & Effectiveness",_xlfn.ANCHORARRAY( 'Outcome Priotization'!K12),'Outcome Priotization'!L12:L17)} -> Fourth priority | H13: {=_xlfn.XLOOKUP("Improve Overall Comfort for all users",_xlfn.ANCHORARRAY( 'Outcome Priotization'!K12),'Outcome Priotization'!L12:L17)} -> Third priority | K13: {=SUMPRODUCT(IFERROR(VLOOKUP(E13:J13,'Response Options'!D14:E19,2,FALSE),0))} -> 13 | L13: =K13/3 -> 4.3333333 | M13: =ROUND(L13,0) -> 4 | N13: =_xlfn.XLOOKUP(M13,'Response Options'!F5:F10,'Response Options'!D5:D10) -> Very Important | O13: Very Important
D14: 3. Enhance sense of security for the patient and caregiver | E14: {=_xlfn.XLOOKUP("Improve Safety & Security",_xlfn.ANCHORARRAY( 'Outcome Priotization'!K12),'Outcome Priotization'!L12:L17)} -> First priority | H14: {=_xlfn.XLOOKUP("Improve Overall Comfort for all users",_xlfn.ANCHORARRAY( 'Outcome Priotization'!K12),'Outcome Priotization'!L12:L17)} -> Third priority | K14: {=SUMPRODUCT(IFERROR(VLOOKUP(E14:J14,'Response Options'!D14:E19,2,FALSE),0))} -> 10 | L14: =K14/3 -> 3.3333333 | M14: =ROUND(L14,0) -> 3 | N14: =_xlfn.XLOOKUP(M14,'Response Options'!F5:F10,'Response Options'!D5:D10) -> Moderately Important | O14: Moderately Important
C15: Worker Safety & Effectiveness | D15: 4. Optimize staff workflow | E15: {=_xlfn.XLOOKUP("Improve Safety & Security",_xlfn.ANCHORARRAY( 'Outcome Priotization'!K12),'Outcome Priotization'!L12:L17)} -> First priority | F15: {=_xlfn.XLOOKUP("Optimize Efficiency & Effectiveness",_xlfn.ANCHORARRAY( 'Outcome Priotization'!K12),'Outcome Priotization'!L12:L17)} -> Fourth priority | G15: {=_xlfn.XLOOKUP("Improve Communication",_xlfn.ANCHORARRAY( 'Outcome Priotization'!K12),'Outcome Priotization'!L12:L17)} -> Sixth priority | H15: {=_xlfn.XLOOKUP("Improve Overall Comfort for all users",_xlfn.ANCHORARRAY( 'Outcome Priotization'!K12),'Outcome Priotization'!L12:L17)} -> Third priority | K15: {=SUMPRODUCT(IFERROR(VLOOKUP(E15:J15,'Response Options'!D14:E19,2,FALSE),0))} -> 14 | L15: =K15/3 -> 4.6666667 | M15: =ROUND(L15,0) -> 5 | N15: =_xlfn.XLOOKUP(M15,'Response Options'!F5:F10,'Response Options'!D5:D10) -> Extremely Important | O15: Very Important
D16: 5. Improve safety and security for staff | E16: {=_xlfn.XLOOKUP("Improve Safety & Security",_xlfn.ANCHORARRAY( 'Outcome Priotization'!K12),'Outcome Priotization'!L12:L17)} -> First priority | K16: {=SUMPRODUCT(IFERROR(VLOOKUP(E16:J16,'Response Options'!D14:E19,2,FALSE),0))} -> 6 | L16: =K16/3 -> 2 | M16: =ROUND(L16,0) -> 2 | N16: =_xlfn.XLOOKUP(M16,'Response Options'!F5:F10,'Response Options'!D5:D10) -> Slightly important | O16: Slightly important
D17: 6. Provide flexible and adaptable work environments | E17: {=_xlfn.XLOOKUP("Improve Safety & Security",_xlfn.ANCHORARRAY( 'Outcome Priotization'!K12),'Outcome Priotization'!L12:L17)} -> First priority | F17: {=_xlfn.XLOOKUP("Optimize Efficiency & Effectiveness",_xlfn.ANCHORARRAY( 'Outcome Priotization'!K12),'Outcome Priotization'!L12:L17)} -> Fourth priority | K17: {=SUMPRODUCT(IFERROR(VLOOKUP(E17:J17,'Response Options'!D14:E19,2,FALSE),0))} -> 9 | L17: =K17/3 -> 3 | M17: =ROUND(L17,0) -> 3 | N17: =_xlfn.XLOOKUP(M17,'Response Options'!F5:F10,'Response Options'!D5:D10) -> Moderately Important | O17: Moderately Important
D18: 7. Provide opportunities for staff respite | H18: {=_xlfn.XLOOKUP("Improve Overall Comfort for all users",_xlfn.ANCHORARRAY( 'Outcome Priotization'!K12),'Outcome Priotization'!L12:L17)} -> Third priority | K18: {=SUMPRODUCT(IFERROR(VLOOKUP(E18:J18,'Response Options'!D14:E19,2,FALSE),0))} -> 4 | L18: =K18/3 -> 1.3333333 | M18: =ROUND(L18,0) -> 1 | N18: =_xlfn.XLOOKUP(M18,'Response Options'!F5:F10,'Response Options'!D5:D10) -> Not Important | O18: Slightly important
D19: 8. Support effective communication among staff | F19: {=_xlfn.XLOOKUP("Optimize Efficiency & Effectiveness",_xlfn.ANCHORARRAY( 'Outcome Priotization'!K12),'Outcome Priotization'!L12:L17)} -> Fourth priority | G19: {=_xlfn.XLOOKUP("Improve Communication",_xlfn.ANCHORARRAY( 'Outcome Priotization'!K12),'Outcome Priotization'!L12:L17)} -> Sixth priority | H19: {=_xlfn.XLOOKUP("Improve Overall Comfort for all users",_xlfn.ANCHORARRAY( 'Outcome Priotization'!K12),'Outcome Priotization'!L12:L17)} -> Third priority | K19: {=SUMPRODUCT(IFERROR(VLOOKUP(E19:J19,'Response Options'!D14:E19,2,FALSE),0))} -> 8 | L19: =K19/3 -> 2.6666667 | M19: =ROUND(L19,0) -> 3 | N19: =_xlfn.XLOOKUP(M19,'Response Options'!F5:F10,'Response Options'!D5:D10) -> Moderately Important | O19: Very Important
C20: Patient Care Quality & Experience | D20: 9. Provide opportunities for engaging patients and care partners | G20: {=_xlfn.XLOOKUP("Improve Communication",_xlfn.ANCHORARRAY( 'Outcome Priotization'!K12),'Outcome Priotization'!L12:L17)} -> Sixth priority | H20: {=_xlfn.XLOOKUP("Improve Overall Comfort for all users",_xlfn.ANCHORARRAY( 'Outcome Priotization'!K12),'Outcome Priotization'!L12:L17)} -> Third priority | I20: {=_xlfn.XLOOKUP("Improve Patient and Family Agency",_xlfn.ANCHORARRAY( 'Outcome Priotization'!K12),'Outcome Priotization'!L12:L17)} -> Fifth priority | K20: {=SUMPRODUCT(IFERROR(VLOOKUP(E20:J20,'Response Options'!D14:E19,2,FALSE),0))} -> 7 | L20: =K20/3 -> 2.3333333 | M20: =ROUND(L20,0) -> 2 | N20: =_xlfn.XLOOKUP(M20,'Response Options'!F5:F10,'Response Options'!D5:D10) -> Slightly important | O20: Slightly important
D21: 10. Support patient and family dignity and comfort | H21: {=_xlfn.XLOOKUP("Improve Overall Comfort for all users",_xlfn.ANCHORARRAY( 'Outcome Priotization'!K12),'Outcome Priotization'!L12:L17)} -> Third priority | I21: {=_xlfn.XLOOKUP("Improve Patient and Family Agency",_xlfn.ANCHORARRAY( 'Outcome Priotization'!K12),'Outcome Priotization'!L12:L17)} -> Fifth priority | J21: {=_xlfn.XLOOKUP("Provide Patient Choice and Control",_xlfn.ANCHORARRAY( 'Outcome Priotization'!K12),'Outcome Priotization'!L12:L17)} -> Second priority | K21: {=SUMPRODUCT(IFERROR(VLOOKUP(E21:J21,'Response Options'!D14:E19,2,FALSE),0))} -> 11 | L21: =K21/3 -> 3.6666667 | M21: =ROUND(L21,0) -> 4 | N21: =_xlfn.XLOOKUP(M21,'Response Options'!F5:F10,'Response Options'!D5:D10) -> Very Important | O21: Very Important
D22: 11. Create opportunities for auditory and visual privacy | E22: {=_xlfn.XLOOKUP("Improve Safety & Security",_xlfn.ANCHORARRAY( 'Outcome Priotization'!K12),'Outcome Priotization'!L12:L17)} -> First priority | G22: {=_xlfn.XLOOKUP("Improve Communication",_xlfn.ANCHORARRAY( 'Outcome Priotization'!K12),'Outcome Priotization'!L12:L17)} -> Sixth priority | H22: {=_xlfn.XLOOKUP("Improve Overall Comfort for all users",_xlfn.ANCHORARRAY( 'Outcome Priotization'!K12),'Outcome Priotization'!L12:L17)} -> Third priority | I22: {=_xlfn.XLOOKUP("Improve Patient and Family Agency",_xlfn.ANCHORARRAY( 'Outcome Priotization'!K12),'Outcome Priotization'!L12:L17)} -> Fifth priority | J22: {=_xlfn.XLOOKUP("Provide Patient Choice and Control",_xlfn.ANCHORARRAY( 'Outcome Priotization'!K12),'Outcome Priotization'!L12:L17)} -> Second priority | K22: {=SUMPRODUCT(IFERROR(VLOOKUP(E22:J22,'Response Options'!D14:E19,2,FALSE),0))} -> 18 | L22: =K22/3 -> 6 | M22: =ROUND(L22,0) -> 6 | N22: =_xlfn.XLOOKUP(M22,'Response Options'!F5:F10,'Response Options'!D5:D10) -> Critically Important / Essential | O22: Critically Important / Essential
D23: 12. Provide patient choice and control over the environment | H23: {=_xlfn.XLOOKUP("Improve Overall Comfort for all users",_xlfn.ANCHORARRAY( 'Outcome Priotization'!K12),'Outcome Priotization'!L12:L17)} -> Third priority | J23: {=_xlfn.XLOOKUP("Provide Patient Choice and Control",_xlfn.ANCHORARRAY( 'Outcome Priotization'!K12),'Outcome Priotization'!L12:L17)} -> Second priority | K23: {=SUMPRODUCT(IFERROR(VLOOKUP(E23:J23,'Response Options'!D14:E19,2,FALSE),0))} -> 9 | L23: =K23/3 -> 3 | M23: =ROUND(L23,0) -> 3 | N23: =_xlfn.XLOOKUP(M23,'Response Options'!F5:F10,'Response Options'!D5:D10) -> Moderately Important | O23: Moderately Important
D24: 13. Create opportunities for sensory-friendly support | H24: {=_xlfn.XLOOKUP("Improve Overall Comfort for all users",_xlfn.ANCHORARRAY( 'Outcome Priotization'!K12),'Outcome Priotization'!L12:L17)} -> Third priority | I24: {=_xlfn.XLOOKUP("Improve Patient and Family Agency",_xlfn.ANCHORARRAY( 'Outcome Priotization'!K12),'Outcome Priotization'!L12:L17)} -> Fifth priority | J24: {=_xlfn.XLOOKUP("Provide Patient Choice and Control",_xlfn.ANCHORARRAY( 'Outcome Priotization'!K12),'Outcome Priotization'!L12:L17)} -> Second priority | K24: {=SUMPRODUCT(IFERROR(VLOOKUP(E24:J24,'Response Options'!D14:E19,2,FALSE),0))} -> 11 | L24: =K24/3 -> 3.6666667 | M24: =ROUND(L24,0) -> 4 | N24: =_xlfn.XLOOKUP(M24,'Response Options'!F5:F10,'Response Options'!D5:D10) -> Very Important | O24: Moderately Important
C25: Organizational Performance | D25: 14.Support clarity and anticipation of the care path and steps in the healthcare experience. | H25: {=_xlfn.XLOOKUP("Improve Overall Comfort for all users",_xlfn.ANCHORARRAY( 'Outcome Priotization'!K12),'Outcome Priotization'!L12:L17)} -> Third priority | I25: {=_xlfn.XLOOKUP("Improve Patient and Family Agency",_xlfn.ANCHORARRAY( 'Outcome Priotization'!K12),'Outcome Priotization'!L12:L17)} -> Fifth priority | J25: {=_xlfn.XLOOKUP("Provide Patient Choice and Control",_xlfn.ANCHORARRAY( 'Outcome Priotization'!K12),'Outcome Priotization'!L12:L17)} -> Second priority | K25: {=SUMPRODUCT(IFERROR(VLOOKUP(E25:J25,'Response Options'!D14:E19,2,FALSE),0))} -> 11 | L25: =K25/3 -> 3.6666667 | M25: =ROUND(L25,0) -> 4 | N25: =_xlfn.XLOOKUP(M25,'Response Options'!F5:F10,'Response Options'!D5:D10) -> Very Important | O25: Moderately Important
D26: 15. Provide timely access to psychiatric care | E26: {=_xlfn.XLOOKUP("Improve Safety & Security",_xlfn.ANCHORARRAY( 'Outcome Priotization'!K12),'Outcome Priotization'!L12:L17)} -> First priority | F26: {=_xlfn.XLOOKUP("Optimize Efficiency & Effectiveness",_xlfn.ANCHORARRAY( 'Outcome Priotization'!K12),'Outcome Priotization'!L12:L17)} -> Fourth priority | H26: {=_xlfn.XLOOKUP("Improve Overall Comfort for all users",_xlfn.ANCHORARRAY( 'Outcome Priotization'!K12),'Outcome Priotization'!L12:L17)} -> Third priority | I26: {=_xlfn.XLOOKUP("Improve Patient and Family Agency",_xlfn.ANCHORARRAY( 'Outcome Priotization'!K12),'Outcome Priotization'!L12:L17)} -> Fifth priority | K26: {=SUMPRODUCT(IFERROR(VLOOKUP(E26:J26,'Response Options'!D14:E19,2,FALSE),0))} -> 15 | L26: =K26/3 -> 5 | M26: =ROUND(L26,0) -> 5 | N26: =_xlfn.XLOOKUP(M26,'Response Options'!F5:F10,'Response Options'!D5:D10) -> Extremely Important | O26: Critically Important / Essential

Sheet Design alignement tool
C1: DESIGN ALIGNEMENT TOOL | G1: Relevant Design Objectives/Outcomes
C2: Date: __________ | D2: Review each design strategy and their association to guidelines, then select from the options in the dropdown menu in the "Successfully implemented?" to mark if the strategies have been incorporated into your design concept. | G2: Improve Safety & Security | P2: Optimize Efficiency & Effectiveness | U2: Improve Communication | Z2: Improve Overall Comfort for All Users | AE2: Improve Patient and Family Agency | AI2: Provide Patient Choice and Control
A3: Category | B3: Importance | C3: Guideline | D3: Design Strategy | E3: Successfully Implemented? | F3: Design Features | G3: Preventing Self Harm | H3: Preveting Elopement | I3: Quicker response in emergency events | J3: Perception of safety | K3: Quick response to patient-initiated harm | L3: Reduce harm aggainst others | M3: Reduce need for restraints | N3: Reduce exposure to triggering content | O3: Enhances patient visibility | P3: Reduce staff workload (physical and cognitive) | Q3: Reduce ED waiting times and/or length of stay | R3: Adequate care for co-occurring med/psych conditions | S3: Improved coordination of patient flow | T3: Provision of appropriate psych care in the ED | U3: Enhance team coordination and collaboration | V3: Quick response from medical team | W3: Streamlined flow of information | X3: Support staff and resident training | Y3: Reduced miscommunication with family members | Z3: Enhance Patient and family satisfaction | AA3: Improve Patient and family comfort | AB3: Reduce anxiety | AC3: Reduce crowding | AD3: Enhanced staff satisfaction | AE3: Facilitating family participation in care | AF3: Promoting trust and rapport | AG3: Safeguard patient confidential information | AH3: Limits being seen by others | AI3: Reduce agitation & boredom | AJ3: Enhance sense of dignity | AK3: Improve emotional & sleep regulation | AL3: Notes | AM3: Conflicts
A4: Patient Safety | B4: ='Guideline Prioritization'!O12 -> Critically Important / Essential | C4: 1. Maximize staff's situational awareness of the patient | D4: 1.1The patient's head and limbs can be seen from the hallway when they are in the bed/chair. | E4: Yes | F4: Architectural Elements | G4: ● | O4: ● | AM4: 3.2 | AN4: 3.1
D5: 1.2. There are no blind spots or hiding spots inside the room when looking from the hallway/doorway. | E5: Yes | F5: Architectural Elements | G5: ● | O5: ● | AM5: 3.2
D6: 1.4. Surveillance cameras provide direct visual access to the room's door(s) and any other access points. | E6: Maybe | F6: Architectural Elements | H6: ● | I6: ● | O6: ●
D7: 1.5 Surveillance cameras are discretely integrated into the design. | E7: No | F7: Technology & other elements | I7: ● | O7: ● | AL7: (e.g., with custom camera covers or built-in fixtures)
D8: 1.6. Doors do not lock from the inside. If present, any locks are on the outside (department/hallway side) of the door. | E8: Maybe | F8: Architectural Elements | H8: ● | I8: ● | O8: ●
D9: 1.7. Space for an observer (chair, alcove, etc.) is positioned so that it has direct visual access to the room's door(s) and any other access points. | E9: Yes | F9: Architectural Elements | H9: ● | O9: ●
B10: ='Guideline Prioritization'!O13 -> Very Important | C10: 2. Reduce opportunities for the patient to cause harm | D10: 2.1. If located in the room, the sink and all its parts (handles, faucets, etc.) are ligature-minimized and tamper-resistant. | E10: Yes | F10: MEP & Building Systems | G10: ● | L10: ● | M10: ● | P10: ●
D11: 2.2. If located in the room, the computer workstation and all its parts (mounting, monitor, cords, etc.) are removable and/or ligature-minimized and tamper-resistant. | E11: Yes | F11: Technology & Other Elements | G11: ● | L11: ● | M11: ●
D12: 2.3. Any televisions and/or entertainment devices in the room and all their parts ( screens, controls, etc.) are ligature-minimized and tamper-resistant. | E12: Yes | F12: Technology & Other Elements | G12: ● | L12: ● | M12: ● | P12: ●
D13: 2.4. Any emergency call buttons or other communication devices in the room are ligature-minimized and tamper-resistant. | E13: Yes | F13: Technology & Other Elements | G13: ● | J13: ● | L13: ● | M13: ● | P13: ●
D14: 2.5. Any dispensers or other accessories present in the room are ligature-minimized and tamper-resistant. | E14: Yes | F14: Furnishings & Finishes | G14: ● | L14: ● | M14: ● | P14: ●
D15: 2.6. Every element in the room that could pose a ligature or weaponization risk can be made inaccessible to patients. | E15: Maybe | F15: Architectural Elements | G15: ● | L15: ● | M15: ● | AL15: (e.g. medical equipment, supplies, sharps container, communication boards, soap and gloves, decorative elements, etc.) | AM15: 10.2 | AN15: 3.5 | AQ15: verify conflicts
D16: 2.7. The patient does not have any access to slats, cords, mechanical components or any other parts of window treatments that could pose a weaponization, harm, or ligature risk. | E16: Yes | F16: Architectural Elements | G16: ● | L16: ● | M16: ● | P16: ●
D17: 2.8. Furniture, fixtures, and surfaces do not have sharp edges, protruding elements, joints, or gaps that could be used for weaponization, harm, or ligature. | E17: Yes | F17: Furnishings & Finishes | G17: ● | L17: ● | M17: ● | P17: ●
D18: 2.9. Casework and hardware are ligature-minimized and tamper-resistant. | E18: Yes | F18: Furnishings & Finishes | G18: ● | L18: ● | M18: ●
D19: 2.10. Casework and furnishings are designed to prevent patients from climbing. | E19: Yes | F19: Furnishings & Finishes | G19: ● | L19: ● | M19: ● | P19: ●
D20: 2.11. All electrical and mechanical fixtures (including switches, receptacles, grilles, etc.) are ligature-minimized and tamper-resistant. | E20: Yes | F20: MEP & Building Systems | G20: ● | L20: ● | M20: ● | P20: ●
D21: 2.12. The ceiling is ligature-minimized and tamper-resistant. | E21: Yes | F21: Furnishings & Finishes | G21: ● | L21: ● | M21: ● | P21: ●
B22: ='Guideline Prioritization'!O14 -> Moderately Important | C22: 3. Enhance sense of security for the patient and caregiver | D22: 3.1. The patient bed/chair is oriented away from direct view of the hallway to minimize the patient's exposure to ED activities that may be over-stimulating or distressing. | E22: No | F22: Architectural Elements | N22: ● | AB22: ● | AH22: ● | AM22: 1.1
D23: 3.2 The room's design minimizes direct visual exposure of the patient from the hallway. | E23: Yes | F23: Architectural Elements | N23: ● | AB23: ● | AH23: ● | AL23: (e.g., angled alcove/surveillance bay or small observation windows) | AM23: 1.1 | AN23: 1.2
D24: 3.3. The emergency call button and/or communication device is easily accessible from the patient bed/chair. | E24: Yes | F24: Technology & Other Elements | K24: ● | AB24: ●
D25: 3.4.The emergency call button and/or communication device is easily accessible to the care partner(s). | E25: Yes | F25: Technology & Other Elements | L25: ● | N25: ● | AB25: ●
D26: 3.5. Staff can supervise and/or curate entertainment and media options accessible to the patient | E26: Yes | F26: Technology & Other Elements | AM26: 2.6
A27: Worker Safety & Effectiveness | B27: ='Guideline Prioritization'!O15 -> Very Important | C27: 4. Optimize staff workflow | D27: 4.1. The sink (either inside or outside the room) is immediately visible and accessible to the room's entrance. | E27: Yes | F27: Architectural Elements | P27: ●
D28: 4.2. Hand sanitizer, gloves, and other PPE are immediately accessible and visible to the room's entrance. | E28: Yes | F28: Furnishings & Finishes | P28: ●
D29: 4.3. There is a dedicated surface near the sink for placing items during handwashing. | E29: Yes | F29: Architectural Elements | P29: ● | AA29: ● | AL29: Having a surface near the sink can be used for self-care. (brushing teeth, washing the face).
D30: 4.4. All fixtures, finishes, and furnishings are easy to clean. | E30: Yes | F30: Furnishings & Finishes | P30: ●
D31: 4.5. The waste bin is easy for staff members to access while being out of the patient's immediate reach. | E31: Yes | F31: Furnishings & Finishes | P31: ●
D32: 4.6. Any adjacent surfaces to the sink are protected from water splashes (via splash guards or other means). | E32: Yes | F32: Furnishings & Finishes | P32: ●
D33: 4.7. Care provider furniture can easily be moved to accommodate staff and patient needs. | E33: Yes | F33: Furnishings & Finishes | P33: ● | R33: ● | T33: ● | AC33: ● | AM33: 5.2 | AN33: 5.6
D34: 4.8. There is a clearly defined zone for a patient observer, out of the way of key staff workflows. | E34: Yes | F34: Architectural Elements | I34: ● | V34: ● | AC34: ●
D35: 4.9. Patient observer furniture can easily be moved to accommodate varying needs. | E35: Yes | F35: Furnishings & Finishes | I35: ● | R35: ● | T35: ● | V35: ● | AC35: ● | AM35: 5.2 | AN35: 5.6
D36: 4.10. It is possible for a patient observer to sit within arms' length of the patient without blocking staff workflows. | E36: Yes | F36: Architectural Elements | I36: ● | V36: ● | AC36: ●
D37: 4.11. The computer workstation (either fixed or mobile) is positionable such that staff can maintain a clear line of sight to the patient while using the workstation. | E37: Yes | F37: Architectural Elements | I37: ● | V37: ●
D38: 4.12. The patient bed and/or chair can be moved in and out of the room with ease. | E38: Yes | F38: Furnishings & Finishes | P38: ● | V38: ● | AM38: 5.2 | AN38: 5.6
D39: 4.13. The room door size, type, and location supports rapid, unobstructed entry into the room and to the patient bed and/or chair. | E39: Yes | F39: Architectural Elements | I39: ● | V39: ●
D40: 4.14. The vitals monitor is positioned to be conveniently visible and unobstructed to staff | E40: Not Applicable | F40: MEP & Building Systems | R40: ● | V40: ● | W40: ●
D41: 4.15. The headwall is positioned and kept free of obstructions, providing adequate working clearance so staff can quickly reach and operate all receptacles, devices, and connections. | E41: Yes | F41: MEP & Building Systems | P41: ● | R41: ● | V41: ●
D42: 4.16. The headwall has all necessary medical gas outlets and electrical receptacles to power equipment. | E42: Yes | F42: MEP & Building Systems | R42: ●
D43: 4.17. Emergency supplies/supply storage are unobstructed, easily accessible, and immediately visible upon entering the room | E43: Yes | F43: Furnishings & Finishes | P43: ● | R43: ● | V43: ● | AL43: (e.g. airway and breathing supplies, bag-valve masks, resuscitation equipment)
D44: 4.18. Medical supplies/supply storage are unobstructed, easily accessible, and immediately visible upon entering the room | E44: Yes | F44: Furnishings & Finishes | P44: ● | R44: ● | V44: ● | AL44: (e.g. monitoring and diagnostic tools, trauma and bleeding control, IV/medication supplies, etc.).
D45: 4.19 A sharps container is easily accessible to staff | E45: Yes | F45: Furnishings & Finishes | P45: ● | AM45: 5.5
D46: 4.20. Storage is easily accessible and not blocked by equipment or staff workflows | E46: Yes | F46: Furnishings & Finishes | P46: ● | V46: ●
D47: 4.21. The computer workstation (whether fixed or mobile), is positioned (or can be positioned) such that it is easy to access and will not be blocked by mobile equipment or staff workflows. | E47: Yes | F47: Architectural Elements | I47: ● | K47: ● | P47: ● | V47: ●
D48: 4.22. The procedures workstation (whether fixed or mobile), is positioned (or can be positioned) such that it is easy to access and will not be blocked by mobile equipment or staff workflows | E48: Maybe | F48: Architectural Elements | I48: ● | K48: ● | P48: ● | V48: ●
D49: 4.23. Opening and closing the door does not conflict with or obstruct workflows | E49: Yes | F49: Architectural Elements | I49: ● | K49: ● | P49: ● | V49: ●
D50: 4.24. Lighting allows for uniform, adequate illumination to perform examinations | E50: Yes | F50: MEP & Building Systems | R50: ● | AM50: 10.3 | AN50: 10.8 | AO50: 12.5
D51: 4.25. Lighting allows for adjustability in brightness and/or directionality | E51: Yes | F51: MEP & Building Systems | R51: ●
B52: ='Guideline Prioritization'!O16 -> Slightly important | C52: 5. Improve safety and security for staff | D52: 5.1. The door's design (e.g., size, hardware, operation, location) facilitates rapid staff escape and provides an unobstructed exit pathway. | E52: Yes | F52: Architectural Elements | J52: ● | K52: ●
D53: 5.2. Patients cannot use the furniture in the room to trap staff members | E53: Yes | F53: Furnishings & Finishes | J53: ● | K53: ● | L53: ● | AM53: 4.7 | AN53: 4.9 | AO53: 4.12 | AP53: 5.4
D54: 5.3. The room's layout allows staff to position themselves between the patient and the exit during monitoring and treatment to mitigate the potential of the patient trapping staff members in the room. | E54: Yes | F54: Architectural Elements | J54: ● | K54: ● | AM54: 4.23
D55: 5.4 The patient bed, if provided, can move to be accessed from all sides so two or more staff members can safely conduct de-escalation and/or restraint tasks. | E55: No | F55: Architectural Elements | K55: ● | L55: ● | T55: ● | AM55: 5.2 | AN55: 5.6
D56: 5.5. The patient cannot access the contents of the sharps container. | E56: Yes | F56: Furnishings & Finishes | K56: ● | L56: ●
D57: 5.6. Patients cannot throw the furniture or use the furniture to harm staff members. | E57: Yes | F57: Furnishings & Finishes | J57: ● | L57: ● | AM57: 4.7 | AN57: 4.9 | AO57: 4.12 | AP57: 5.4
B58: ='Guideline Prioritization'!O17 -> Moderately Important | C58: 6. Provide flexible and adaptable work environments | D58: 6.1. The headwall can be closed, dismounted, or otherwise efficiently adapted to restrict patient access | E58: Yes | F58: MEP & Building Systems | G58: ● | J58: ● | L58: ● | M58: ● | N58: ● | R58: ● | T58: ●
D59: 6.2. There is adequate storage space in the room to accommodate all medical supplies and equipment | E59: Yes | F59: Furnishings & Finishes | I59: ● | P59: ● | R59: ● | S59: ●
D60: 6.3. Adequate storage for the waste bin is provided to keep the bin in the room while restricting patient access to it. | E60: Yes | F60: Furnishings & Finishes | P60: ● | R60: ● | S60: ● | T60: ●
D61: 6.4. Adequate storage for the sharps container is provided to keep the container in the room while restricting patient access to it. | E61: Yes | F61: Furnishings & Finishes | G61: ● | J61: ● | L61: ● | N61: ● | P61: ● | R61: ● | S61: ● | T61: ●
D62: 6.5. The computer can easily be stored and secured, either in the room or close to the room's entrance | E62: Yes | F62: Architectural Elements | L62: ● | P62: ● | R62: ● | S62: ●
D63: 6.6. The procedures workstation can easily be stored and secured, either in the room or close to the room's entrance | E63: Not Applicable | F63: Architectural Elements | J63: ● | L63: ● | N63: ● | P63: ● | R63: ● | S63: ●
D64: 6.7. The IV pole can easily be stored and secured, either in the room or close to the room's entrance | E64: No | F64: Architectural Elements | J64: ● | L64: ● | N64: ● | P64: ● | R64: ● | S64: ●
D65: 6.8. Mobile lighting equipment can easily be stored and secured, either in the room or close to the room's entrance | E65: Yes | F65: Architectural Elements | P65: ● | R65: ● | S65: ●
D66: 6.9. All cabinets in the room can be locked with tamper-resistant locks, limiting patient access | E66: Yes | F66: Furnishings & Finishes | J66: ● | L66: ● | N66: ● | R66: ●
D67: 6.10. The room incorporates a clear labeling system to identify potential ligature and other risks, enabling staff to quickly recognize potential risks | E67: Yes | F67: Furnishings & Finishes | P67: ● | R67: ● | S67: ● | T67: ●
A68: Patient Care Quality & Experience | B68: ='Guideline Prioritization'!O20 -> Slightly important | C68: 9. Provide opportunities for engaging patients and care partners | D68: 9.1. Care partner furniture supports face-to-face conversation with staff members and the patient | E68: Yes | F68: Furnishings & Finishes | Z68: ● | AF68: ● | AJ68: ●
D69: 9.2. The room's acoustic design supports private care partner-provider conversations right outside the room, protecting patients from heavy/difficult topics | E69: Yes | F69: Architectural Elements | Y69: ● | AE69: ● | AF69: ● | AG69: ● | AJ69: ●
D70: 9.3. Care partners have more than one resource to communicate with the ED nursing staff | E70: Yes | F70: MEP & Building Systems | Y70: ● | Z70: ● | AE70: ● | AF70: ● | AL70: (e.g., communication devices, call buttons)
D71: 9.4. The room's design comfortably accommodates more than one care partner | E71: No | F71: Architectural Elements | V71: ● | Z71: ● | AA71: ● | AE71: ●
D72: 9.5. Care partner furniture does not impeded or disrupt staff workflows | E72: Yes | F72: Furnishings & Finishes | V72: ● | AC72: ● | AE72: ●
D73: 9.6. The lighting design allows the family zone and patient zone to be controlled separately | E73: Yes | F73: MEP & Building Systems | Z73: ● | AA73: ● | AE73: ● | AK73: ● | AL73: (e.g., individual reading or night lights)
D74: 9.7 There is a stable, cleanable work surface sized for shared activities between the patient and care providers | E74: Yes | F74: Furnishings & Finishes | AL74: (e.g., games, coloring, etc.).
D75: 9.8. The room's design accommodates family members/care partners to sleep in the room | E75: Yes | F75: Architectural Elements | Z75: ● | AA75: ● | AC75: ● | AE75: ●
B76: ='Guideline Prioritization'!O21 -> Very Important | C76: 10. Support patient and family dignity and comfort | D76: 10.1. The room's interior design creates a warm and inviting ambiance | E76: Yes | F76: Furnishings & Finishes | Z76: ● | AA76: ● | AB76: ● | AF76: ● | AJ76: ●
D77: 10.2. There are decorative elements in the room | E77: Yes | F77: Furnishings & Finishes | Z77: ● | AA77: ● | AB77: ● | AF77: ● | AJ77: ● | AL77: (e.g., art, projected images, digital art display, etc.) | AM77: 2.6
D78: 10.3. The design incorporates lighting systems that can be programmed to adjust color, brightness, and/or timing to create specific moods or atmospheres | E78: Yes | F78: MEP & Building Systems | Z78: ● | AA78: ● | AB78: ● | AF78: ● | AI78: ● | AJ78: ● | AK78: ● | AM78: 4.24
D79: 10.4. The design incorporates decorative biophilic elements | E79: Yes | F79: Furnishings & Finishes | Z79: ● | AA79: ● | AB79: ● | AI79: ● | AJ79: ● | AK79: ●
D80: 10.5. The design has windows (or simulated windows) offering views to natural elements | E80: Yes | F80: Architectural Elements | Z80: ● | AA80: ● | AB80: ● | AI80: ● | AJ80: ● | AK80: ●
D81: 10.6. The design has windows with views to the outdoors | E81: Yes | F81: Architectural Elements | Z81: ● | AA81: ● | AB81: ● | AI81: ● | AJ81: ● | AK81: ●
D82: 10.7. HVAC systems can be controlled and adjusted by staff to meet the needs of individuals with sensory sensitivities | E82: Yes | F82: MEP & Building Systems | Z82: ● | AA82: ● | AJ82: ● | AK82: ●
D83: 10.8. The lighting design ensures adequate illumination while considering the needs of individuals with sensory sensitivities | E83: Yes | F83: MEP & Building Systems | Z83: ● | AA83: ● | AB83: ● | AI83: ● | AJ83: ● | AK83: ● | AM83: 4.24
D84: 10.9. Care partner and patient areas have diffuse lighting options for soft, uniform illumination | E84: Yes | F84: MEP & Building Systems | Z84: ● | AA84: ● | AB84: ● | AI84: ● | AJ84: ● | AK84: ●
D85: 10.10 The design provides daylight access or Circadian lighting that mimics natural changes in lighting color and temperature throughout the day | E85: Yes | F85: MEP & Building Systems | Z85: ● | AA85: ● | AB85: ● | AI85: ● | AJ85: ● | AK85: ●
D86: 10.11. Patient bed/chair is comfortable for extended periods of use | E86: No | F86: Furnishings & Finishes | Z86: ● | AA86: ● | AE86: ● | AJ86: ●
D87: 10.12. Patient bed/chair has height-adjustable head/foot sections | E87: Yes | F87: Furnishings & Finishes | Z87: ● | AA87: ● | AE87: ● | AJ87: ●
D88: 10.13. Additional seating furniture is comfortable for extended periods of use | E88: Yes | F88: Furnishings & Finishes | Z88: ● | AA88: ● | AE88: ● | AJ88: ●
D89: 10.14. The entertainment system is clearly visible from the patient bed/chair | E89: Yes | F89: Architectural Elements | Z89: ● | AA89: ● | AI89: ● | AJ89: ●
D90: 10.15. The entertainment system is clearly visible from care partner seating | E90: Yes | F90: Architectural Elements | Z90: ● | AA90: ● | AF90: ● | AI90: ● | AJ90: ●
D91: 10.16.Furniture, fixtures, equipment, and finishes are constructed of impact-resistant materials that withstand abuse | E91: Yes | F91: Furnishings & Finishes | Z91: ● | AA91: ● | AJ91: ●
D92: 10.17 Walls have guards or protection panels that prevent damage from moving furniture and equipment | E92: Yes | F92: Furnishings & Finishes | Z92: ● | AJ92: ●
B93: ='Guideline Prioritization'!O22 -> Critically Important / Essential | C93: 11. Create opportunities for auditory and visual privacy | D93: 11.1. The design incorporates a white noise system to help mask external sounds and reduce noise disruptions | E93: Yes | F93: MEP & Building Systems | J93: ● | N93: ● | Z93: ● | AI93: ●
D94: 11.2. Doors, windows, and walls are designed to minimize sound transmission and facilitate privacy and aural comfort | E94: Yes | F94: Architectural Elements | N94: ● | Z94: ● | AA94: ● | AE94: ● | AF94: ● | AG94: ● | AI94: ● | AJ94: ●
D95: 11.3. There are blinds, shutters, or other privacy control measures on the windows facing the hallway to allow for adjustable levels of patient privacy | E95: No | F95: Furnishings & Finishes | N95: ● | Z95: ● | AE95: ● | AF95: ● | AG95: ● | AH95: ● | AJ95: ●
D96: 11.4. There are blinds, shutters, or other privacy control measures on the windows facing the outdoors | E96: Yes | F96: Furnishings & Finishes | Z96: ● | AE96: ● | AF96: ● | AG96: ● | AH96: ● | AJ96: ●
B97: ='Guideline Prioritization'!O23 -> Moderately Important | C97: 12. Provide patient choice and control over the environment | D97: 12.1. Patients have more than one choice of place to sit, lie down, or stand | E97: Yes | F97: Architectural Elements | Z97: ● | AA97: ● | AI97: ● | AJ97: ●
D98: 12.2. Patients can have control over the entertainment system | E98: Yes | F98: MEP & Building Systems | Z98: ● | AA98: ● | AB98: ● | AI98: ● | AJ98: ●
D99: 12.3. Patients can have control over the room's temperature | E99: Yes | F99: MEP & Building Systems | Z99: ● | AA99: ● | AB99: ● | AI99: ● | AJ99: ● | AK99: ●
D100: 12.4. Patients can have control over the blinds and shutters on outdoor windows | E100: Yes | F100: Furnishings & Finishes | Z100: ● | AA100: ● | AB100: ● | AI100: ● | AJ100: ● | AK100: ●
...

Sheet DAT Report
C5: Design Alignement Tool Report
C7: Refer to the Design Guidelines chapter of the Toolkit Companion Book to learn about each of the design guidelines. This prioritization worksheet shows how important each guideline is for your project, according to related objectives and their priorities
C8: Review the importance based on outcome prioritization, then select from the options in the dropdown menu in the "Review Importance" column to either confirm or adjust the levels of importance for each guideline
C10: Category | D10: Guideline | E10: Importance | F10: Importance weighting score | G10: Total Itens | H10: Yes (Count as 1) | I10: Maybes (count as null) | J10: No's (Count as null) | K10: Maximum score | L10: Score obtained | M10: Alignement Score* (percentage, unweighted)
C11: Patient Safety | D11: 1. Maximize staff's situational awareness of the patient | E11: ='Guideline Prioritization'!O12 -> Critically Important / Essential | F11: =_xlfn.XLOOKUP(E11,'Response Options'!$D$5:$D$10,'Response Options'!$E$5:$E$10) -> 5 | G11: =COUNTIF('Design alignement tool'!E4:E9,"<>Not Applicable") -> 6 | H11: =COUNTIF('Design alignement tool'!E4:E9, "yes") -> 3 | I11: =COUNTIF('Design alignement tool'!E4:E9, "Maybe") -> 2 | J11: =COUNTIF('Design alignement tool'!E4:E9,"No") -> 1 | K11: =(G11)*F11 -> 30 | L11: =(H11*F11) -> 15 | M11: =L11/K11 -> 0.5
D12: 2. Reduce opportunities for the patient to cause harm | E12: ='Guideline Prioritization'!O13 -> Very Important | F12: =_xlfn.XLOOKUP(E12,'Response Options'!$D$5:$D$10,'Response Options'!$E$5:$E$10) -> 3 | G12: =COUNTIF('Design alignement tool'!E10:E21,"<>Not Applicable") -> 12 | H12: =COUNTIF('Design alignement tool'!E10:E21, "yes") -> 11 | I12: =COUNTIF('Design alignement tool'!E10:E21, "Maybe") -> 1 | J12: =COUNTIF('Design alignement tool'!E10:E21, "No") -> 0 | K12: =(G12)*F12 -> 36 | L12: =(H12*F12) -> 33 | M12: =L12/K12 -> 0.91666667
D13: 3. Enhance sense of security for the patient and caregiver | E13: ='Guideline Prioritization'!O14 -> Moderately Important | F13: =_xlfn.XLOOKUP(E13,'Response Options'!$D$5:$D$10,'Response Options'!$E$5:$E$10) -> 2 | G13: =COUNTIF('Design alignement tool'!E22:E26,"<>Not Applicable") -> 5 | H13: =COUNTIF('Design alignement tool'!E22:E26, "yes") -> 4 | I13: =COUNTIF('Design alignement tool'!E22:E26, "Maybe") -> 0 | J13: =COUNTIF('Design alignement tool'!E22:E26, "No") -> 1 | K13: =(G13)*F13 -> 10 | L13: =(H13*F13) -> 8 | M13: =L13/K13 -> 0.8
C14: Worker Safety & Effectiveness | D14: 4. Optimize staff workflow | E14: ='Guideline Prioritization'!O15 -> Very Important | F14: =_xlfn.XLOOKUP(E14,'Response Options'!$D$5:$D$10,'Response Options'!$E$5:$E$10) -> 3 | G14: =COUNTIF('Design alignement tool'!E27:E51,"<>Not Applicable") -> 24 | H14: =COUNTIF('Design alignement tool'!E27:E51, "yes") -> 23 | I14: =COUNTIF('Design alignement tool'!E27:E51, "Maybe") -> 1 | J14: =COUNTIF('Design alignement tool'!E27:E51, "No") -> 0 | K14: =(G14)*F14 -> 72 | L14: =(H14*F14) -> 69 | M14: =L14/K14 -> 0.95833333
D15: 5. Improve safety and security for staff | E15: ='Guideline Prioritization'!O16 -> Slightly important | F15: =_xlfn.XLOOKUP(E15,'Response Options'!$D$5:$D$10,'Response Options'!$E$5:$E$10) -> 1 | G15: =COUNTIF('Design alignement tool'!E52:E57,"<>Not Applicable") -> 6 | H15: =COUNTIF('Design alignement tool'!E52:E57, "yes") -> 5 | I15: =COUNTIF('Design alignement tool'!E52:E57, "Maybe") -> 0 | J15: =COUNTIF('Design alignement tool'!E52:E57, "No") -> 1 | K15: =(G15)*F15 -> 6 | L15: =(H15*F15) -> 5 | M15: =L15/K15 -> 0.83333333
D16: 6. Provide flexible and adaptable work environments | E16: ='Guideline Prioritization'!O17 -> Moderately Important | F16: =_xlfn.XLOOKUP(E16,'Response Options'!$D$5:$D$10,'Response Options'!$E$5:$E$10) -> 2 | G16: =COUNTIF('Design alignement tool'!E58:E67,"<>Not Applicable") -> 9 | H16: =COUNTIF('Design alignement tool'!E58:E67, "yes") -> 8 | I16: =COUNTIF('Design alignement tool'!E58:E67, "Maybe") -> 0 | J16: =COUNTIF('Design alignement tool'!E58:E67, "No") -> 1 | K16: =(G16)*F16 -> 18 | L16: =(H16*F16) -> 16 | M16: =L16/K16 -> 0.88888889
C17: Patient Care Quality & Experience | D17: 9. Provide opportunities for engaging patients and care partners | E17: ='Guideline Prioritization'!O20 -> Slightly important | F17: =_xlfn.XLOOKUP(E17,'Response Options'!$D$5:$D$10,'Response Options'!$E$5:$E$10) -> 1 | G17: =COUNTIF('Design alignement tool'!E68:E75,"<>Not Applicable") -> 8 | H17: =COUNTIF('Design alignement tool'!E68:E75, "yes") -> 7 | I17: =COUNTIF('Design alignement tool'!E68:E75, "Maybe") -> 0 | J17: =COUNTIF('Design alignement tool'!E68:E75, "No") -> 1 | K17: =(G17)*F17 -> 8 | L17: =(H17*F17) -> 7 | M17: =L17/K17 -> 0.875
D18: 10. Support patient and family dignity and comfort | E18: ='Guideline Prioritization'!O21 -> Very Important | F18: =_xlfn.XLOOKUP(E18,'Response Options'!$D$5:$D$10,'Response Options'!$E$5:$E$10) -> 3 | G18: =COUNTIF('Design alignement tool'!E76:E92,"<>Not Applicable") -> 17 | H18: =COUNTIF('Design alignement tool'!E76:E92, "yes") -> 16 | I18: =COUNTIF('Design alignement tool'!E76:E92, "Maybe") -> 0 | J18: =COUNTIF('Design alignement tool'!E76:E92, "No") -> 1 | K18: =(G18)*F18 -> 51 | L18: =(H18*F18) -> 48 | M18: =L18/K18 -> 0.94117647
D19: 11. Create opportunities for auditory and visual privacy | E19: ='Guideline Prioritization'!O22 -> Critically Important / Essential | F19: =_xlfn.XLOOKUP(E19,'Response Options'!$D$5:$D$10,'Response Options'!$E$5:$E$10) -> 5 | G19: =COUNTIF('Design alignement tool'!E93:E96,"<>Not Applicable") -> 4 | H19: =COUNTIF('Design alignement tool'!E93:E96, "yes") -> 3 | I19: =COUNTIF('Design alignement tool'!E93:E96, "Maybe") -> 0 | J19: =COUNTIF('Design alignement tool'!E76:E92, "No") -> 1 | K19: =(G19)*F19 -> 20 | L19: =(H19*F19) -> 15 | M19: =L19/K19 -> 0.75
D20: 12. Provide patient choice and control over the environment | E20: ='Guideline Prioritization'!O23 -> Moderately Important | F20: =_xlfn.XLOOKUP(E20,'Response Options'!$D$5:$D$10,'Response Options'!$E$5:$E$10) -> 2 | G20: =COUNTIF('Design alignement tool'!E97:E103,"<>Not Applicable") -> 7 | H20: =COUNTIF('Design alignement tool'!E97:E103, "yes") -> 7 | I20: =COUNTIF('Design alignement tool'!E97:E103, "Maybe") -> 0 | J20: =COUNTIF('Design alignement tool'!E97:E103, "No") -> 0 | K20: =(G20)*F20 -> 14 | L20: =(H20*F20) -> 14 | M20: =L20/K20 -> 1
D21: 13. Create opportunities for sensory-friendly support | E21: ='Guideline Prioritization'!O24 -> Moderately Important | F21: =_xlfn.XLOOKUP(E21,'Response Options'!$D$5:$D$10,'Response Options'!$E$5:$E$10) -> 2 | G21: =COUNTIF('Design alignement tool'!E104:E108,"<>Not Applicable") -> 5 | H21: =COUNTIF('Design alignement tool'!E104:E108, "yes") -> 3 | I21: =COUNTIF('Design alignement tool'!E104:E108, "Maybe") -> 0 | J21: =COUNTIF('Design alignement tool'!E104:E108, "No") -> 2 | K21: =(G21)*F21 -> 10 | L21: =(H21*F21) -> 6 | M21: =L21/K21 -> 0.6
C22: Organizational Performance | D22: 14.Support clarity and anticipation of the care path and steps in the healthcare experience. | E22: ='Guideline Prioritization'!O25 -> Moderately Important | F22: =_xlfn.XLOOKUP(E22,'Response Options'!$D$5:$D$10,'Response Options'!$E$5:$E$10) -> 2 | K22: =(G22-I22)*F22 -> 0
D23: 15. Provide timely access to psychiatric care | E23: ='Guideline Prioritization'!O26 -> Critically Important / Essential | F23: =_xlfn.XLOOKUP(E23,'Response Options'!$D$5:$D$10,'Response Options'!$E$5:$E$10) -> 5 | K23: =(G23-I23)*F23 -> 0

Sheet Response Options
A2: Pre-planning & Programming Worksheet | D2: Outcome-Guideline Prioritization | H2: Design alignement tool
F3: guideline
A4: 3 | B4: Renovation | D4: PT Importance Scoring | H4: PT Importance Scoring
B5: New Construction | D5: Critically Important / Essential | E5: 5 | F5: 6 | H5: Yes | I5: 1
D6: Extremely Important | E6: 4 | F6: 5 | H6: No | I6: -1
A7: 4 | B7: Pediatric patients only | D7: Very Important | E7: 3 | F7: 4 | H7: Maybe | I7: 0
B8: Adult patients only | D8: Moderately Important | E8: 2 | F8: 3 | H8: Not Applicable | I8: 0
B9: Both pediatric and adult patients | D9: Slightly important | E9: 1 | F9: 2
D10: Not Important | E10: 0 | F10: 1
A11: General | B11: Yes
B12: No | D12: Guidelines Priorization | H12: Design Elements
A14: 11,12 | B14: 0-5 patients | D14: First priority | E14: 6 | H14: Architectural Elements | I14: Includes major architectural elements like walls, doors, windows, skylights, etc.
B15: 6-10 patients | D15: Second priority | E15: 5 | H15: Furnishings & Finishes | I15: Includes furniture and finish materials (including flooring and ceiling materials, wall protection, etc.), equipment, furnishings, accessories, casework, and decoration
B16: 11-20 patients | D16: Third priority | E16: 4 | H16: MEP & Building Systems | I16: Includes mechanical, electrical, and plumbing elements and systems, acoustics, headwalls, lighting, etc.
B17: 21-30 patients | D17: Fourth priority | E17: 3 | H17: Technology & Other Elements | I17: Includes IT and communication, security and patient monitoring, and entertainment systems and devices
B18: 31-40 patients | D18: Fifth priority | E18: 2
B19: 41-50 patients | D19: Sixth priority | E19: 1
B20: 51- 75 patients
B21: 76-100 patients
B22: more than 100 patients
